Ashley Lab	US/CA/Stanford				
Date	heart		calories		steps
2016+AC0-08+AC0-08 10:35:17	79	8/8/2016 10:41:00	0.9600800276	8/8/2016 10:41:00	0
8/8/2016 10:41:20	70	8/8/2016 10:42:00	2.9675199986	8/8/2016 10:42:00	30
8/8/2016 10:41:25	71	8/8/2016 10:43:00	2.9675199986	8/8/2016 10:43:00	28
8/8/2016 10:41:30	89	8/8/2016 10:44:00	2.0947198868	8/8/2016 10:44:00	18
8/8/2016 10:41:35	100	8/8/2016 10:45:00	0.8727999926	8/8/2016 10:45:00	0
8/8/2016 10:41:40	96	8/8/2016 10:46:00	0.8727999926	8/8/2016 10:46:00	0
8/8/2016 10:41:45	101	8/8/2016 10:47:00	0.8727999926	8/8/2016 10:47:00	0
8/8/2016 10:41:50	104	8/8/2016 10:48:00	0.8727999926	8/8/2016 10:48:00	0
8/8/2016 10:41:55	103	8/8/2016 10:49:00	0.8727999926	8/8/2016 10:49:00	0
8/8/2016 10:42:00	101	8/8/2016 10:50:00	0.8727999926	8/8/2016 10:50:00	0
8/8/2016 10:42:05	104	8/8/2016 10:51:00	0.8727999926	8/8/2016 10:51:00	0
8/8/2016 10:42:20	104	8/8/2016 10:52:00	0.8727999926	8/8/2016 10:52:00	0
8/8/2016 10:42:35	106	8/8/2016 10:53:00	0.8727999926	8/8/2016 10:53:00	0
8/8/2016 10:42:40	111	8/8/2016 10:54:00	0.8727999926	8/8/2016 10:54:00	0
8/8/2016 10:42:45	112	8/8/2016 10:55:00	0.8727999926	8/8/2016 10:55:00	0
8/8/2016 10:42:50	110	8/8/2016 10:56:00	0.8727999926	8/8/2016 10:56:00	0
8/8/2016 10:43:12	70	8/8/2016 10:57:00	0.8727999926	8/8/2016 10:57:00	0
8/8/2016 10:43:22	76	8/8/2016 10:58:00	0.8727999926	8/8/2016 10:58:00	0
8/8/2016 10:43:27	87	8/8/2016 10:59:00	0.8727999926	8/8/2016 10:59:00	0
8/8/2016 10:43:32	88	8/8/2016 11:00:00	0.8727999926	8/8/2016 11:00:00	0
8/8/2016 10:43:42	91	8/8/2016 11:01:00	0.8727999926	8/8/2016 11:01:00	0
8/8/2016 10:43:47	89	8/8/2016 11:02:00	0.8727999926	8/8/2016 11:02:00	0
8/8/2016 10:44:02	90	8/8/2016 11:03:00	0.8727999926	8/8/2016 11:03:00	0
8/8/2016 11:39:39	70	8/8/2016 11:04:00	0.8727999926	8/8/2016 11:04:00	0
8/8/2016 11:39:44	101	8/8/2016 11:05:00	0.8727999926	8/8/2016 11:05:00	0
8/8/2016 11:39:49	103	8/8/2016 11:06:00	0.8727999926	8/8/2016 11:06:00	0
8/8/2016 11:39:54	106	8/8/2016 11:07:00	0.8727999926	8/8/2016 11:07:00	0
8/8/2016 11:39:59	104	8/8/2016 11:08:00	0.8727999926	8/8/2016 11:08:00	0
8/8/2016 11:40:04	112	8/8/2016 11:09:00	0.8727999926	8/8/2016 11:09:00	0
8/8/2016 11:40:09	111	8/8/2016 11:10:00	0.8727999926	8/8/2016 11:10:00	0
8/8/2016 11:40:14	110	8/8/2016 11:11:00	0.8727999926	8/8/2016 11:11:00	0
8/8/2016 11:40:19	111	8/8/2016 11:12:00	0.8727999926	8/8/2016 11:12:00	0
8/8/2016 11:40:24	118	8/8/2016 11:13:00	0.8727999926	8/8/2016 11:13:00	0
8/8/2016 11:40:29	125	8/8/2016 11:14:00	0.8727999926	8/8/2016 11:14:00	0
8/8/2016 11:40:39	125	8/8/2016 11:15:00	0.8727999926	8/8/2016 11:15:00	0
8/8/2016 11:40:44	124	8/8/2016 11:16:00	0.8727999926	8/8/2016 11:16:00	0
8/8/2016 11:40:59	124	8/8/2016 11:17:00	0.8727999926	8/8/2016 11:17:00	0
8/8/2016 11:41:23	124	8/8/2016 11:18:00	0.8727999926	8/8/2016 11:18:00	0
8/8/2016 11:41:33	125	8/8/2016 11:19:00	0.8727999926	8/8/2016 11:19:00	0
8/8/2016 11:41:48	125	8/8/2016 11:20:00	0.8727999926	8/8/2016 11:20:00	0
8/8/2016 11:41:58	123	8/8/2016 11:21:00	0.8727999926	8/8/2016 11:21:00	0
8/8/2016 11:42:06	120	8/8/2016 11:22:00	0.8727999926	8/8/2016 11:22:00	0
8/8/2016 11:42:40	70	8/8/2016 11:23:00	0.8727999926	8/8/2016 11:23:00	0
8/8/2016 11:42:45	78	8/8/2016 11:24:00	0.8727999926	8/8/2016 11:24:00	0
8/8/2016 11:42:50	81	8/8/2016 11:25:00	0.8727999926	8/8/2016 11:25:00	0
8/8/2016 11:42:55	81	8/8/2016 11:26:00	0.8727999926	8/8/2016 11:26:00	0
8/8/2016 11:43:05	83	8/8/2016 11:27:00	0.8727999926	8/8/2016 11:27:00	0
8/8/2016 11:43:10	84	8/8/2016 11:28:00	0.8727999926	8/8/2016 11:28:00	0
8/8/2016 11:43:22	85	8/8/2016 11:29:00	0.8727999926	8/8/2016 11:29:00	0
8/8/2016 11:43:27	86	8/8/2016 11:30:00	0.8727999926	8/8/2016 11:30:00	0
8/8/2016 11:43:32	90	8/8/2016 11:31:00	0.8727999926	8/8/2016 11:31:00	0
8/8/2016 11:44:06	90	8/8/2016 11:32:00	0.8727999926	8/8/2016 11:32:00	0
8/8/2016 11:44:11	91	8/8/2016 11:33:00	0.8727999926	8/8/2016 11:33:00	0
8/8/2016 11:44:21	96	8/8/2016 11:34:00	0.8727999926	8/8/2016 11:34:00	0
8/8/2016 11:44:26	102	8/8/2016 11:35:00	0.8727999926	8/8/2016 11:35:00	0
8/8/2016 11:44:31	103	8/8/2016 11:36:00	0.8727999926	8/8/2016 11:36:00	0
8/8/2016 11:44:36	106	8/8/2016 11:37:00	0.8727999926	8/8/2016 11:37:00	0
8/8/2016 11:44:41	109	8/8/2016 11:38:00	0.8727999926	8/8/2016 11:38:00	0
8/8/2016 11:44:46	108	8/8/2016 11:39:00	0.8727999926	8/8/2016 11:39:00	0
8/8/2016 11:44:51	106	8/8/2016 11:40:00	0.9600800276	8/8/2016 11:40:00	0
8/8/2016 11:44:56	104	8/8/2016 11:41:00	3.6657600403	8/8/2016 11:41:00	29
8/8/2016 11:45:06	103	8/8/2016 11:42:00	3.2293601036	8/8/2016 11:42:00	0
8/8/2016 11:45:21	103	8/8/2016 11:43:00	0.9600800276	8/8/2016 11:43:00	0
8/8/2016 11:45:26	104	8/8/2016 11:44:00	0.8727999926	8/8/2016 11:44:00	0
8/8/2016 11:45:41	103	8/8/2016 11:45:00	2.9675199986	8/8/2016 11:45:00	82
8/8/2016 11:45:49	104	8/8/2016 11:46:00	3.3166399002	8/8/2016 11:46:00	60
8/8/2016 11:45:54	105	8/8/2016 11:47:00	3.3166399002	8/8/2016 11:47:00	29
8/8/2016 11:46:02	108	8/8/2016 11:48:00	2.9675199986	8/8/2016 11:48:00	7
8/8/2016 11:46:10	109	8/8/2016 11:49:00	1.1346399784	8/8/2016 11:49:00	0
8/8/2016 11:46:20	110	8/8/2016 11:50:00	1.1346399784	8/8/2016 11:50:00	0
8/8/2016 11:46:40	110	8/8/2016 11:51:00	1.0473599434	8/8/2016 11:51:00	0
8/8/2016 11:46:45	114	8/8/2016 11:52:00	1.1346399784	8/8/2016 11:52:00	0
8/8/2016 11:46:50	115	8/8/2016 11:53:00	1.1346399784	8/8/2016 11:53:00	0
8/8/2016 11:46:55	116	8/8/2016 11:54:00	2.6184000969	8/8/2016 11:54:00	19
8/8/2016 11:47:00	118	8/8/2016 11:55:00	3.4911999702	8/8/2016 11:55:00	51
8/8/2016 11:47:05	122	8/8/2016 11:56:00	2.4438400269	8/8/2016 11:56:00	62
8/8/2016 11:47:10	121	8/8/2016 11:57:00	1.0473599434	8/8/2016 11:57:00	0
8/8/2016 11:47:15	120	8/8/2016 11:58:00	0.8727999926	8/8/2016 11:58:00	0
8/8/2016 11:47:20	119	8/8/2016 11:59:00	0.8727999926	8/8/2016 11:59:00	0
8/8/2016 11:47:30	118	8/8/2016 12:00:00	0.8727999926	8/8/2016 12:00:00	0
8/8/2016 11:47:35	114	8/8/2016 12:01:00	0.8727999926	8/8/2016 12:01:00	0
8/8/2016 11:47:40	112	8/8/2016 12:02:00	0.8727999926	8/8/2016 12:02:00	0
8/8/2016 11:47:45	109	8/8/2016 12:03:00	0.8727999926	8/8/2016 12:03:00	0
8/8/2016 11:47:50	109	8/8/2016 12:04:00	0.8727999926	8/8/2016 12:04:00	0
8/8/2016 11:47:55	109	8/8/2016 12:05:00	0.8727999926	8/8/2016 12:05:00	0
8/8/2016 11:48:05	107	8/8/2016 12:06:00	0.8727999926	8/8/2016 12:06:00	0
8/8/2016 11:48:20	106	8/8/2016 12:07:00	0.8727999926	8/8/2016 12:07:00	0
8/8/2016 11:48:35	105	8/8/2016 12:08:00	0.8727999926	8/8/2016 12:08:00	0
8/8/2016 11:48:40	106	8/8/2016 12:09:00	0.8727999926	8/8/2016 12:09:00	0
8/8/2016 11:48:50	105	8/8/2016 12:10:00	0.8727999926	8/8/2016 12:10:00	0
8/8/2016 11:48:55	106	8/8/2016 12:11:00	0.8727999926	8/8/2016 12:11:00	0
8/8/2016 11:49:00	105	8/8/2016 12:12:00	0.8727999926	8/8/2016 12:12:00	0
8/8/2016 11:49:05	103	8/8/2016 12:13:00	0.8727999926	8/8/2016 12:13:00	0
8/8/2016 11:49:10	102	8/8/2016 12:14:00	0.8727999926	8/8/2016 12:14:00	0
8/8/2016 11:49:15	101	8/8/2016 12:15:00	0.8727999926	8/8/2016 12:15:00	0
8/8/2016 11:49:25	102	8/8/2016 12:16:00	0.8727999926	8/8/2016 12:16:00	0
8/8/2016 11:49:30	103	8/8/2016 12:17:00	0.8727999926	8/8/2016 12:17:00	0
8/8/2016 11:49:35	101	8/8/2016 12:18:00	0.8727999926	8/8/2016 12:18:00	0
8/8/2016 11:49:50	101	8/8/2016 12:19:00	0.8727999926	8/8/2016 12:19:00	0
8/8/2016 11:50:05	101	8/8/2016 12:20:00	0.8727999926	8/8/2016 12:20:00	0
8/8/2016 11:50:10	100	8/8/2016 12:21:00	0.8727999926	8/8/2016 12:21:00	0
8/8/2016 11:50:15	100	8/8/2016 12:22:00	0.8727999926	8/8/2016 12:22:00	0
8/8/2016 11:50:20	102	8/8/2016 12:23:00	0.8727999926	8/8/2016 12:23:00	0
8/8/2016 11:50:35	102	8/8/2016 12:24:00	0.8727999926	8/8/2016 12:24:00	0
8/8/2016 11:50:50	102	8/8/2016 12:25:00	0.8727999926	8/8/2016 12:25:00	0
8/8/2016 11:51:05	102	8/8/2016 12:26:00	0.8727999926	8/8/2016 12:26:00	0
8/8/2016 11:51:10	102	8/8/2016 12:27:00	0.8727999926	8/8/2016 12:27:00	0
8/8/2016 11:51:20	100	8/8/2016 12:28:00	0.8727999926	8/8/2016 12:28:00	0
8/8/2016 11:51:25	99	8/8/2016 12:29:00	0.8727999926	8/8/2016 12:29:00	0
8/8/2016 11:51:40	99	8/8/2016 12:30:00	0.8727999926	8/8/2016 12:30:00	0
8/8/2016 11:51:55	99	8/8/2016 12:31:00	0.8727999926	8/8/2016 12:31:00	0
8/8/2016 11:52:00	104	8/8/2016 12:32:00	0.8727999926	8/8/2016 12:32:00	0
8/8/2016 11:52:15	101	8/8/2016 12:33:00	0.8727999926	8/8/2016 12:33:00	0
8/8/2016 11:52:30	101	8/8/2016 12:34:00	0.8727999926	8/8/2016 12:34:00	0
8/8/2016 11:52:45	100	8/8/2016 12:35:00	0.8727999926	8/8/2016 12:35:00	0
8/8/2016 11:52:55	101	8/8/2016 12:36:00	0.8727999926	8/8/2016 12:36:00	0
8/8/2016 11:53:10	104	8/8/2016 12:37:00	0.8727999926	8/8/2016 12:37:00	0
8/8/2016 11:53:15	106	8/8/2016 12:38:00	0.8727999926	8/8/2016 12:38:00	0
8/8/2016 11:53:26	106	8/8/2016 12:39:00	0.8727999926	8/8/2016 12:39:00	0
8/8/2016 11:53:41	106	8/8/2016 12:40:00	0.8727999926	8/8/2016 12:40:00	0
8/8/2016 11:53:46	106	8/8/2016 12:41:00	0.8727999926	8/8/2016 12:41:00	0
8/8/2016 11:54:01	107	8/8/2016 12:42:00	0.8727999926	8/8/2016 12:42:00	0
8/8/2016 11:54:06	106	8/8/2016 12:43:00	0.8727999926	8/8/2016 12:43:00	0
8/8/2016 11:54:11	107	8/8/2016 12:44:00	0.8727999926	8/8/2016 12:44:00	0
8/8/2016 11:54:16	108	8/8/2016 12:45:00	0.8727999926	8/8/2016 12:45:00	0
8/8/2016 11:54:21	110	8/8/2016 12:46:00	0.8727999926	8/8/2016 12:46:00	0
8/8/2016 11:54:31	111	8/8/2016 12:47:00	0.8727999926	8/8/2016 12:47:00	0
8/8/2016 11:54:41	111	8/8/2016 12:48:00	0.8727999926	8/8/2016 12:48:00	0
8/8/2016 11:54:46	111	8/8/2016 12:49:00	0.8727999926	8/8/2016 12:49:00	0
8/8/2016 11:55:01	109	8/8/2016 12:50:00	0.8727999926	8/8/2016 12:50:00	0
8/8/2016 11:55:06	112	8/8/2016 12:51:00	0.8727999926	8/8/2016 12:51:00	0
8/8/2016 11:55:11	115	8/8/2016 12:52:00	0.8727999926	8/8/2016 12:52:00	0
8/8/2016 11:55:21	112	8/8/2016 12:53:00	0.8727999926	8/8/2016 12:53:00	0
8/8/2016 11:55:26	108	8/8/2016 12:54:00	0.8727999926	8/8/2016 12:54:00	0
8/8/2016 11:55:31	108	8/8/2016 12:55:00	0.8727999926	8/8/2016 12:55:00	0
8/8/2016 11:55:36	106	8/8/2016 12:56:00	0.8727999926	8/8/2016 12:56:00	0
8/8/2016 11:55:41	105	8/8/2016 12:57:00	0.8727999926	8/8/2016 12:57:00	0
8/8/2016 11:55:56	106	8/8/2016 12:58:00	0.8727999926	8/8/2016 12:58:00	0
8/8/2016 11:56:11	106	8/8/2016 12:59:00	0.8727999926	8/8/2016 12:59:00	0
8/8/2016 11:56:26	106	8/8/2016 13:00:00	0.8727999926	8/8/2016 13:00:00	0
8/8/2016 11:56:41	106	8/8/2016 13:01:00	0.8727999926	8/8/2016 13:01:00	0
8/8/2016 11:56:56	107	8/8/2016 13:02:00	0.8727999926	8/8/2016 13:02:00	0
8/8/2016 11:57:06	108	8/8/2016 13:03:00	0.8727999926	8/8/2016 13:03:00	0
8/8/2016 16:08:34	100	8/8/2016 13:04:00	0.8727999926	8/8/2016 13:04:00	0
8/8/2016 16:08:39	71	8/8/2016 13:05:00	0.8727999926	8/8/2016 13:05:00	0
8/8/2016 16:08:44	103	8/8/2016 13:06:00	0.8727999926	8/8/2016 13:06:00	0
8/8/2016 16:08:49	109	8/8/2016 13:07:00	0.8727999926	8/8/2016 13:07:00	0
8/8/2016 16:08:54	107	8/8/2016 13:08:00	0.8727999926	8/8/2016 13:08:00	0
8/8/2016 16:09:09	109	8/8/2016 13:09:00	0.8727999926	8/8/2016 13:09:00	0
8/8/2016 16:11:33	78	8/8/2016 13:10:00	0.8727999926	8/8/2016 13:10:00	0
8/8/2016 16:11:38	70	8/8/2016 13:11:00	0.8727999926	8/8/2016 13:11:00	0
8/8/2016 16:11:48	73	8/8/2016 13:12:00	0.8727999926	8/8/2016 13:12:00	0
8/8/2016 16:12:03	73	8/8/2016 13:13:00	0.8727999926	8/8/2016 13:13:00	0
8/8/2016 16:12:13	74	8/8/2016 13:14:00	0.8727999926	8/8/2016 13:14:00	0
8/8/2016 16:12:18	78	8/8/2016 13:15:00	0.8727999926	8/8/2016 13:15:00	0
8/8/2016 16:12:33	78	8/8/2016 13:16:00	0.8727999926	8/8/2016 13:16:00	0
8/8/2016 16:12:48	80	8/8/2016 13:17:00	0.8727999926	8/8/2016 13:17:00	0
8/8/2016 16:12:53	81	8/8/2016 13:18:00	0.8727999926	8/8/2016 13:18:00	0
8/8/2016 16:13:08	81	8/8/2016 13:19:00	0.8727999926	8/8/2016 13:19:00	0
8/8/2016 16:13:18	80	8/8/2016 13:20:00	0.8727999926	8/8/2016 13:20:00	0
8/8/2016 16:13:23	81	8/8/2016 13:21:00	0.8727999926	8/8/2016 13:21:00	0
8/8/2016 16:13:28	80	8/8/2016 13:22:00	0.8727999926	8/8/2016 13:22:00	0
8/8/2016 16:13:33	78	8/8/2016 13:23:00	0.8727999926	8/8/2016 13:23:00	0
8/8/2016 16:13:38	77	8/8/2016 13:24:00	0.8727999926	8/8/2016 13:24:00	0
8/8/2016 16:13:43	77	8/8/2016 13:25:00	0.8727999926	8/8/2016 13:25:00	0
8/8/2016 16:13:48	77	8/8/2016 13:26:00	0.8727999926	8/8/2016 13:26:00	0
8/8/2016 16:13:53	77	8/8/2016 13:27:00	0.8727999926	8/8/2016 13:27:00	0
8/8/2016 16:14:03	78	8/8/2016 13:28:00	0.8727999926	8/8/2016 13:28:00	0
8/8/2016 16:14:18	78	8/8/2016 13:29:00	0.8727999926	8/8/2016 13:29:00	0
8/8/2016 16:14:23	78	8/8/2016 13:30:00	0.8727999926	8/8/2016 13:30:00	0
8/8/2016 16:14:28	78	8/8/2016 13:31:00	0.8727999926	8/8/2016 13:31:00	0
8/8/2016 16:14:43	78	8/8/2016 13:32:00	0.8727999926	8/8/2016 13:32:00	0
8/8/2016 16:14:53	78	8/8/2016 13:33:00	0.8727999926	8/8/2016 13:33:00	0
8/8/2016 16:15:08	77	8/8/2016 13:34:00	0.8727999926	8/8/2016 13:34:00	0
8/8/2016 16:15:18	77	8/8/2016 13:35:00	0.8727999926	8/8/2016 13:35:00	0
8/8/2016 16:15:23	76	8/8/2016 13:36:00	0.8727999926	8/8/2016 13:36:00	0
8/8/2016 16:15:28	76	8/8/2016 13:37:00	0.8727999926	8/8/2016 13:37:00	0
8/8/2016 16:15:38	77	8/8/2016 13:38:00	0.8727999926	8/8/2016 13:38:00	0
8/8/2016 16:15:43	78	8/8/2016 13:39:00	0.8727999926	8/8/2016 13:39:00	0
8/8/2016 16:15:48	76	8/8/2016 13:40:00	0.8727999926	8/8/2016 13:40:00	0
8/8/2016 16:15:53	74	8/8/2016 13:41:00	0.8727999926	8/8/2016 13:41:00	0
8/8/2016 16:15:58	73	8/8/2016 13:42:00	0.8727999926	8/8/2016 13:42:00	0
8/8/2016 16:16:03	74	8/8/2016 13:43:00	0.8727999926	8/8/2016 13:43:00	0
8/8/2016 16:16:08	75	8/8/2016 13:44:00	0.8727999926	8/8/2016 13:44:00	0
8/8/2016 16:16:23	76	8/8/2016 13:45:00	0.8727999926	8/8/2016 13:45:00	0
8/8/2016 16:16:28	76	8/8/2016 13:46:00	0.8727999926	8/8/2016 13:46:00	0
8/8/2016 16:16:43	75	8/8/2016 13:47:00	0.8727999926	8/8/2016 13:47:00	0
8/8/2016 16:16:53	73	8/8/2016 13:48:00	0.8727999926	8/8/2016 13:48:00	0
8/8/2016 16:16:58	74	8/8/2016 13:49:00	0.8727999926	8/8/2016 13:49:00	0
8/8/2016 16:17:03	73	8/8/2016 13:50:00	0.8727999926	8/8/2016 13:50:00	0
8/8/2016 16:17:18	73	8/8/2016 13:51:00	0.8727999926	8/8/2016 13:51:00	0
8/8/2016 16:17:23	74	8/8/2016 13:52:00	0.8727999926	8/8/2016 13:52:00	0
8/8/2016 16:17:33	75	8/8/2016 13:53:00	0.8727999926	8/8/2016 13:53:00	0
8/8/2016 16:17:48	75	8/8/2016 13:54:00	0.8727999926	8/8/2016 13:54:00	0
8/8/2016 16:18:03	75	8/8/2016 13:55:00	0.8727999926	8/8/2016 13:55:00	0
8/8/2016 16:18:18	75	8/8/2016 13:56:00	0.8727999926	8/8/2016 13:56:00	0
8/8/2016 16:18:33	75	8/8/2016 13:57:00	0.8727999926	8/8/2016 13:57:00	0
8/8/2016 16:18:43	75	8/8/2016 13:58:00	0.8727999926	8/8/2016 13:58:00	0
8/8/2016 16:18:58	75	8/8/2016 13:59:00	0.8727999926	8/8/2016 13:59:00	0
8/8/2016 16:19:13	75	8/8/2016 14:00:00	0.8727999926	8/8/2016 14:00:00	0
8/8/2016 16:19:23	75	8/8/2016 14:01:00	0.8727999926	8/8/2016 14:01:00	0
8/8/2016 16:19:28	75	8/8/2016 14:02:00	0.8727999926	8/8/2016 14:02:00	0
8/8/2016 16:19:43	75	8/8/2016 14:03:00	0.8727999926	8/8/2016 14:03:00	0
8/8/2016 16:19:48	75	8/8/2016 14:04:00	0.8727999926	8/8/2016 14:04:00	0
8/8/2016 16:20:03	75	8/8/2016 14:05:00	0.8727999926	8/8/2016 14:05:00	0
8/8/2016 16:20:08	74	8/8/2016 14:06:00	0.8727999926	8/8/2016 14:06:00	0
8/8/2016 16:20:13	73	8/8/2016 14:07:00	0.8727999926	8/8/2016 14:07:00	0
8/8/2016 16:20:23	74	8/8/2016 14:08:00	0.8727999926	8/8/2016 14:08:00	0
8/8/2016 16:20:28	76	8/8/2016 14:09:00	0.8727999926	8/8/2016 14:09:00	0
8/8/2016 16:20:38	75	8/8/2016 14:10:00	0.8727999926	8/8/2016 14:10:00	0
8/8/2016 16:20:53	75	8/8/2016 14:11:00	0.8727999926	8/8/2016 14:11:00	0
8/8/2016 16:21:03	73	8/8/2016 14:12:00	0.8727999926	8/8/2016 14:12:00	0
8/8/2016 16:21:08	70	8/8/2016 14:13:00	0.8727999926	8/8/2016 14:13:00	0
8/8/2016 16:21:23	70	8/8/2016 14:14:00	0.8727999926	8/8/2016 14:14:00	0
8/8/2016 16:21:38	70	8/8/2016 14:15:00	0.8727999926	8/8/2016 14:15:00	0
8/8/2016 16:21:43	71	8/8/2016 14:16:00	0.8727999926	8/8/2016 14:16:00	0
8/8/2016 16:21:58	71	8/8/2016 14:17:00	0.8727999926	8/8/2016 14:17:00	0
8/8/2016 16:22:03	73	8/8/2016 14:18:00	0.8727999926	8/8/2016 14:18:00	0
8/8/2016 16:22:18	73	8/8/2016 14:19:00	0.8727999926	8/8/2016 14:19:00	0
8/8/2016 16:22:33	73	8/8/2016 14:20:00	0.8727999926	8/8/2016 14:20:00	0
8/8/2016 16:22:48	73	8/8/2016 14:21:00	0.8727999926	8/8/2016 14:21:00	0
8/8/2016 16:23:03	73	8/8/2016 14:22:00	0.8727999926	8/8/2016 14:22:00	0
8/8/2016 16:23:08	72	8/8/2016 14:23:00	0.8727999926	8/8/2016 14:23:00	0
8/8/2016 16:23:18	74	8/8/2016 14:24:00	0.8727999926	8/8/2016 14:24:00	0
8/8/2016 16:23:22	77	8/8/2016 14:25:00	0.8727999926	8/8/2016 14:25:00	0
8/8/2016 16:23:25	77	8/8/2016 14:26:00	0.8727999926	8/8/2016 14:26:00	0
8/8/2016 16:23:28	77	8/8/2016 14:27:00	0.8727999926	8/8/2016 14:27:00	0
8/8/2016 16:23:31	77	8/8/2016 14:28:00	0.8727999926	8/8/2016 14:28:00	0
8/8/2016 16:23:34	78	8/8/2016 14:29:00	0.8727999926	8/8/2016 14:29:00	0
8/8/2016 16:23:37	79	8/8/2016 14:30:00	0.8727999926	8/8/2016 14:30:00	0
8/8/2016 16:23:40	79	8/8/2016 14:31:00	0.8727999926	8/8/2016 14:31:00	0
8/8/2016 16:23:42	79	8/8/2016 14:32:00	0.8727999926	8/8/2016 14:32:00	0
8/8/2016 16:23:44	80	8/8/2016 14:33:00	0.8727999926	8/8/2016 14:33:00	0
8/8/2016 16:23:46	81	8/8/2016 14:34:00	0.8727999926	8/8/2016 14:34:00	0
8/8/2016 16:23:49	82	8/8/2016 14:35:00	0.8727999926	8/8/2016 14:35:00	0
8/8/2016 16:23:52	82	8/8/2016 14:36:00	0.8727999926	8/8/2016 14:36:00	0
8/8/2016 16:23:53	83	8/8/2016 14:37:00	0.8727999926	8/8/2016 14:37:00	0
8/8/2016 16:23:56	84	8/8/2016 14:38:00	0.8727999926	8/8/2016 14:38:00	0
8/8/2016 16:23:59	84	8/8/2016 14:39:00	0.8727999926	8/8/2016 14:39:00	0
8/8/2016 16:24:00	85	8/8/2016 14:40:00	0.8727999926	8/8/2016 14:40:00	0
8/8/2016 16:24:02	86	8/8/2016 14:41:00	0.8727999926	8/8/2016 14:41:00	0
8/8/2016 16:24:04	87	8/8/2016 14:42:00	0.8727999926	8/8/2016 14:42:00	0
8/8/2016 16:24:06	88	8/8/2016 14:43:00	0.8727999926	8/8/2016 14:43:00	0
8/8/2016 16:24:07	88	8/8/2016 14:44:00	0.8727999926	8/8/2016 14:44:00	0
8/8/2016 16:24:10	88	8/8/2016 14:45:00	0.8727999926	8/8/2016 14:45:00	0
8/8/2016 16:24:13	88	8/8/2016 14:46:00	0.8727999926	8/8/2016 14:46:00	0
8/8/2016 16:24:15	89	8/8/2016 14:47:00	0.8727999926	8/8/2016 14:47:00	0
8/8/2016 16:24:17	90	8/8/2016 14:48:00	0.8727999926	8/8/2016 14:48:00	0
8/8/2016 16:24:19	91	8/8/2016 14:49:00	0.8727999926	8/8/2016 14:49:00	0
8/8/2016 16:24:21	92	8/8/2016 14:50:00	0.8727999926	8/8/2016 14:50:00	0
8/8/2016 16:24:24	90	8/8/2016 14:51:00	0.8727999926	8/8/2016 14:51:00	0
8/8/2016 16:24:25	90	8/8/2016 14:52:00	0.8727999926	8/8/2016 14:52:00	0
8/8/2016 16:24:26	89	8/8/2016 14:53:00	0.8727999926	8/8/2016 14:53:00	0
8/8/2016 16:24:28	89	8/8/2016 14:54:00	0.8727999926	8/8/2016 14:54:00	0
8/8/2016 16:24:31	89	8/8/2016 14:55:00	0.8727999926	8/8/2016 14:55:00	0
8/8/2016 16:24:34	89	8/8/2016 14:56:00	0.8727999926	8/8/2016 14:56:00	0
8/8/2016 16:24:37	89	8/8/2016 14:57:00	0.8727999926	8/8/2016 14:57:00	0
8/8/2016 16:24:38	87	8/8/2016 14:58:00	0.8727999926	8/8/2016 14:58:00	0
8/8/2016 16:24:39	87	8/8/2016 14:59:00	0.8727999926	8/8/2016 14:59:00	0
8/8/2016 16:24:40	86	8/8/2016 15:00:00	0.8727999926	8/8/2016 15:00:00	0
8/8/2016 16:24:43	86	8/8/2016 15:01:00	0.8727999926	8/8/2016 15:01:00	0
8/8/2016 16:24:46	86	8/8/2016 15:02:00	0.8727999926	8/8/2016 15:02:00	0
8/8/2016 16:24:48	87	8/8/2016 15:03:00	0.8727999926	8/8/2016 15:03:00	0
8/8/2016 16:24:51	87	8/8/2016 15:04:00	0.8727999926	8/8/2016 15:04:00	0
8/8/2016 16:24:54	87	8/8/2016 15:05:00	0.8727999926	8/8/2016 15:05:00	0
8/8/2016 16:24:57	87	8/8/2016 15:06:00	0.8727999926	8/8/2016 15:06:00	0
8/8/2016 16:25:00	87	8/8/2016 15:07:00	0.8727999926	8/8/2016 15:07:00	0
8/8/2016 16:25:03	87	8/8/2016 15:08:00	0.8727999926	8/8/2016 15:08:00	0
8/8/2016 16:25:04	88	8/8/2016 15:09:00	0.8727999926	8/8/2016 15:09:00	0
8/8/2016 16:25:07	88	8/8/2016 15:10:00	0.8727999926	8/8/2016 15:10:00	0
8/8/2016 16:25:10	88	8/8/2016 15:11:00	0.8727999926	8/8/2016 15:11:00	0
8/8/2016 16:25:11	89	8/8/2016 15:12:00	0.8727999926	8/8/2016 15:12:00	0
8/8/2016 16:25:14	89	8/8/2016 15:13:00	0.8727999926	8/8/2016 15:13:00	0
8/8/2016 16:25:17	89	8/8/2016 15:14:00	0.8727999926	8/8/2016 15:14:00	0
8/8/2016 16:25:20	89	8/8/2016 15:15:00	0.8727999926	8/8/2016 15:15:00	0
8/8/2016 16:25:21	90	8/8/2016 15:16:00	0.8727999926	8/8/2016 15:16:00	0
8/8/2016 16:25:24	90	8/8/2016 15:17:00	0.8727999926	8/8/2016 15:17:00	0
8/8/2016 16:25:25	90	8/8/2016 15:18:00	0.8727999926	8/8/2016 15:18:00	0
8/8/2016 16:25:26	91	8/8/2016 15:19:00	0.8727999926	8/8/2016 15:19:00	0
8/8/2016 16:25:29	91	8/8/2016 15:20:00	0.8727999926	8/8/2016 15:20:00	0
8/8/2016 16:25:32	91	8/8/2016 15:21:00	0.8727999926	8/8/2016 15:21:00	0
8/8/2016 16:25:35	91	8/8/2016 15:22:00	0.8727999926	8/8/2016 15:22:00	0
8/8/2016 16:25:38	91	8/8/2016 15:23:00	0.8727999926	8/8/2016 15:23:00	0
8/8/2016 16:25:40	92	8/8/2016 15:24:00	0.8727999926	8/8/2016 15:24:00	0
8/8/2016 16:25:43	92	8/8/2016 15:25:00	0.8727999926	8/8/2016 15:25:00	0
8/8/2016 16:25:46	92	8/8/2016 15:26:00	0.8727999926	8/8/2016 15:26:00	0
8/8/2016 16:25:49	92	8/8/2016 15:27:00	0.8727999926	8/8/2016 15:27:00	0
8/8/2016 16:25:52	92	8/8/2016 15:28:00	0.8727999926	8/8/2016 15:28:00	0
8/8/2016 16:25:55	92	8/8/2016 15:29:00	0.8727999926	8/8/2016 15:29:00	0
8/8/2016 16:25:58	92	8/8/2016 15:30:00	0.8727999926	8/8/2016 15:30:00	0
8/8/2016 16:26:01	92	8/8/2016 15:31:00	0.8727999926	8/8/2016 15:31:00	0
8/8/2016 16:26:04	92	8/8/2016 15:32:00	0.8727999926	8/8/2016 15:32:00	0
8/8/2016 16:26:07	92	8/8/2016 15:33:00	0.8727999926	8/8/2016 15:33:00	0
8/8/2016 16:26:10	92	8/8/2016 15:34:00	0.8727999926	8/8/2016 15:34:00	0
8/8/2016 16:26:13	92	8/8/2016 15:35:00	0.8727999926	8/8/2016 15:35:00	0
8/8/2016 16:26:14	93	8/8/2016 15:36:00	0.8727999926	8/8/2016 15:36:00	0
8/8/2016 16:26:17	93	8/8/2016 15:37:00	0.8727999926	8/8/2016 15:37:00	0
8/8/2016 16:26:18	92	8/8/2016 15:38:00	0.8727999926	8/8/2016 15:38:00	0
8/8/2016 16:26:21	92	8/8/2016 15:39:00	0.8727999926	8/8/2016 15:39:00	0
8/8/2016 16:26:22	91	8/8/2016 15:40:00	0.8727999926	8/8/2016 15:40:00	0
8/8/2016 16:26:25	91	8/8/2016 15:41:00	0.8727999926	8/8/2016 15:41:00	0
8/8/2016 16:26:28	91	8/8/2016 15:42:00	0.8727999926	8/8/2016 15:42:00	0
8/8/2016 16:26:31	91	8/8/2016 15:43:00	0.8727999926	8/8/2016 15:43:00	0
8/8/2016 16:26:34	91	8/8/2016 15:44:00	0.8727999926	8/8/2016 15:44:00	0
8/8/2016 16:26:37	91	8/8/2016 15:45:00	0.8727999926	8/8/2016 15:45:00	0
8/8/2016 16:26:38	90	8/8/2016 15:46:00	0.8727999926	8/8/2016 15:46:00	0
8/8/2016 16:26:39	88	8/8/2016 15:47:00	0.8727999926	8/8/2016 15:47:00	0
8/8/2016 16:26:40	87	8/8/2016 15:48:00	0.8727999926	8/8/2016 15:48:00	0
8/8/2016 16:26:43	87	8/8/2016 15:49:00	0.8727999926	8/8/2016 15:49:00	0
8/8/2016 16:26:46	87	8/8/2016 15:50:00	0.8727999926	8/8/2016 15:50:00	0
8/8/2016 16:26:49	87	8/8/2016 15:51:00	0.8727999926	8/8/2016 15:51:00	0
8/8/2016 16:26:52	87	8/8/2016 15:52:00	0.8727999926	8/8/2016 15:52:00	0
8/8/2016 16:26:55	87	8/8/2016 15:53:00	0.8727999926	8/8/2016 15:53:00	0
8/8/2016 16:26:58	87	8/8/2016 15:54:00	0.8727999926	8/8/2016 15:54:00	0
8/8/2016 16:27:01	87	8/8/2016 15:55:00	0.8727999926	8/8/2016 15:55:00	0
8/8/2016 16:27:04	87	8/8/2016 15:56:00	0.8727999926	8/8/2016 15:56:00	0
8/8/2016 16:27:07	87	8/8/2016 15:57:00	0.8727999926	8/8/2016 15:57:00	0
8/8/2016 16:27:10	87	8/8/2016 15:58:00	0.8727999926	8/8/2016 15:58:00	0
8/8/2016 16:27:13	87	8/8/2016 15:59:00	0.8727999926	8/8/2016 15:59:00	0
8/8/2016 16:27:16	87	8/8/2016 16:00:00	0.8727999926	8/8/2016 16:00:00	0
8/8/2016 16:27:19	87	8/8/2016 16:01:00	0.8727999926	8/8/2016 16:01:00	0
8/8/2016 16:27:22	87	8/8/2016 16:02:00	0.8727999926	8/8/2016 16:02:00	0
8/8/2016 16:27:25	88	8/8/2016 16:03:00	0.8727999926	8/8/2016 16:03:00	0
8/8/2016 16:27:28	88	8/8/2016 16:04:00	0.8727999926	8/8/2016 16:04:00	0
8/8/2016 16:27:31	88	8/8/2016 16:05:00	0.8727999926	8/8/2016 16:05:00	0
8/8/2016 16:27:34	88	8/8/2016 16:06:00	0.8727999926	8/8/2016 16:06:00	0
8/8/2016 16:27:35	88	8/8/2016 16:07:00	0.8727999926	8/8/2016 16:07:00	0
8/8/2016 16:27:38	89	8/8/2016 16:08:00	0.8727999926	8/8/2016 16:08:00	0
8/8/2016 16:27:41	89	8/8/2016 16:09:00	2.7929599285	8/8/2016 16:09:00	24
8/8/2016 16:27:42	90	8/8/2016 16:10:00	0.9600800276	8/8/2016 16:10:00	0
8/8/2016 16:27:45	90	8/8/2016 16:11:00	0.9600800276	8/8/2016 16:11:00	0
8/8/2016 16:27:48	90	8/8/2016 16:12:00	0.9600800276	8/8/2016 16:12:00	0
8/8/2016 16:27:49	89	8/8/2016 16:13:00	0.8727999926	8/8/2016 16:13:00	0
8/8/2016 16:27:50	88	8/8/2016 16:14:00	0.9600800276	8/8/2016 16:14:00	0
8/8/2016 16:27:53	88	8/8/2016 16:15:00	0.9600800276	8/8/2016 16:15:00	0
8/8/2016 16:27:56	87	8/8/2016 16:16:00	0.8727999926	8/8/2016 16:16:00	0
8/8/2016 16:27:59	87	8/8/2016 16:17:00	0.8727999926	8/8/2016 16:17:00	0
8/8/2016 16:28:02	87	8/8/2016 16:18:00	0.8727999926	8/8/2016 16:18:00	0
8/8/2016 16:28:05	86	8/8/2016 16:19:00	0.8727999926	8/8/2016 16:19:00	0
8/8/2016 16:28:06	85	8/8/2016 16:20:00	0.9600800276	8/8/2016 16:20:00	0
8/8/2016 16:28:07	84	8/8/2016 16:21:00	0.8727999926	8/8/2016 16:21:00	0
8/8/2016 16:28:10	84	8/8/2016 16:22:00	0.8727999926	8/8/2016 16:22:00	0
8/8/2016 16:28:13	84	8/8/2016 16:23:00	0.8727999926	8/8/2016 16:23:00	0
8/8/2016 16:28:16	84	8/8/2016 16:24:00	0.9600800276	8/8/2016 16:24:00	0
8/8/2016 16:28:19	84	8/8/2016 16:25:00	0.9600800276	8/8/2016 16:25:00	0
8/8/2016 16:28:22	84	8/8/2016 16:26:00	0.9600800276	8/8/2016 16:26:00	0
8/8/2016 16:28:25	84	8/8/2016 16:27:00	0.8727999926	8/8/2016 16:27:00	0
8/8/2016 16:28:28	84	8/8/2016 16:28:00	0.8727999926	8/8/2016 16:28:00	0
8/8/2016 16:28:31	84	8/8/2016 16:29:00	0.8727999926	8/8/2016 16:29:00	0
8/8/2016 16:28:34	84	8/8/2016 16:30:00	0.8727999926	8/8/2016 16:30:00	0
8/8/2016 16:28:37	84	8/8/2016 16:31:00	3.1420800686	8/8/2016 16:31:00	62
8/8/2016 16:28:39	83	8/8/2016 16:32:00	2.4438400269	8/8/2016 16:32:00	25
8/8/2016 16:28:41	82	8/8/2016 16:33:00	0.8727999926	8/8/2016 16:33:00	0
8/8/2016 16:28:43	81	8/8/2016 16:34:00	0.8727999926	8/8/2016 16:34:00	0
8/8/2016 16:28:44	77	8/8/2016 16:35:00	3.4911999702	8/8/2016 16:35:00	63
8/8/2016 16:28:45	77	8/8/2016 16:36:00	2.6184000969	8/8/2016 16:36:00	28
8/8/2016 16:28:46	77	8/8/2016 16:37:00	0.8727999926	8/8/2016 16:37:00	0
8/8/2016 16:28:47	77	8/8/2016 16:38:00	2.7929599285	8/8/2016 16:38:00	34
8/8/2016 16:28:50	77	8/8/2016 16:39:00	6.2841601372	8/8/2016 16:39:00	96
8/8/2016 16:28:51	77	8/8/2016 16:40:00	2.7929599285	8/8/2016 16:40:00	41
8/8/2016 16:28:54	77	8/8/2016 16:41:00	0.8727999926	8/8/2016 16:41:00	0
8/8/2016 16:28:57	77	8/8/2016 16:42:00	3.1420800686	8/8/2016 16:42:00	60
8/8/2016 16:29:00	77	8/8/2016 16:43:00	5.2368001938	8/8/2016 16:43:00	111
8/8/2016 16:29:03	77	8/8/2016 16:44:00	5.411359787	8/8/2016 16:44:00	125
8/8/2016 16:29:06	77	8/8/2016 16:45:00	4.8876800537	8/8/2016 16:45:00	106
8/8/2016 16:29:07	76	8/8/2016 16:46:00	5.2368001938	8/8/2016 16:46:00	120
8/8/2016 16:29:10	76	8/8/2016 16:47:00	5.411359787	8/8/2016 16:47:00	124
8/8/2016 16:29:13	76	8/8/2016 16:48:00	3.3166399002	8/8/2016 16:48:00	53
8/8/2016 16:29:16	76	8/8/2016 16:49:00	5.585919857	8/8/2016 16:49:00	122
8/8/2016 16:29:19	76	8/8/2016 16:50:00	5.585919857	8/8/2016 16:50:00	117
8/8/2016 16:29:22	76	8/8/2016 16:51:00	5.411359787	8/8/2016 16:51:00	120
8/8/2016 16:29:25	76	8/8/2016 16:52:00	3.1420800686	8/8/2016 16:52:00	47
8/8/2016 16:29:28	76	8/8/2016 16:53:00	0.8727999926	8/8/2016 16:53:00	0
8/8/2016 16:29:31	76	8/8/2016 16:54:00	4.5385599136	8/8/2016 16:54:00	83
8/8/2016 16:29:34	76	8/8/2016 16:55:00	4.0148801804	8/8/2016 16:55:00	112
8/8/2016 16:29:37	76	8/8/2016 16:56:00	0.8727999926	8/8/2016 16:56:00	0
8/8/2016 16:29:40	76	8/8/2016 16:57:00	0.8727999926	8/8/2016 16:57:00	0
8/8/2016 16:29:43	76	8/8/2016 16:58:00	0.8727999926	8/8/2016 16:58:00	0
8/8/2016 16:29:46	76	8/8/2016 16:59:00	0.8727999926	8/8/2016 16:59:00	0
8/8/2016 16:29:49	76	8/8/2016 17:00:00	0.8727999926	8/8/2016 17:00:00	0
8/8/2016 16:29:51	76	8/8/2016 17:01:00	0.8727999926	8/8/2016 17:01:00	0
8/8/2016 16:29:54	76	8/8/2016 17:02:00	0.8727999926	8/8/2016 17:02:00	0
8/8/2016 16:29:57	76	8/8/2016 17:03:00	0.8727999926	8/8/2016 17:03:00	0
8/8/2016 16:30:00	76	8/8/2016 17:04:00	0.8727999926	8/8/2016 17:04:00	0
8/8/2016 16:30:03	76	8/8/2016 17:05:00	0.8727999926	8/8/2016 17:05:00	0
8/8/2016 16:30:06	76	8/8/2016 17:06:00	0.8727999926	8/8/2016 17:06:00	0
8/8/2016 16:30:07	75	8/8/2016 17:07:00	0.8727999926	8/8/2016 17:07:00	0
8/8/2016 16:30:10	75	8/8/2016 17:08:00	0.8727999926	8/8/2016 17:08:00	0
8/8/2016 16:30:13	75	8/8/2016 17:09:00	0.8727999926	8/8/2016 17:09:00	0
8/8/2016 16:30:16	75	8/8/2016 17:10:00	0.8727999926	8/8/2016 17:10:00	0
8/8/2016 16:30:19	75	8/8/2016 17:11:00	0.8727999926	8/8/2016 17:11:00	0
8/8/2016 16:30:20	76	8/8/2016 17:12:00	0.8727999926	8/8/2016 17:12:00	0
8/8/2016 16:30:23	76	8/8/2016 17:13:00	0.8727999926	8/8/2016 17:13:00	0
8/8/2016 16:30:26	76	8/8/2016 17:14:00	0.8727999926	8/8/2016 17:14:00	0
8/8/2016 16:30:27	77	8/8/2016 17:15:00	0.8727999926	8/8/2016 17:15:00	0
8/8/2016 16:30:29	78	8/8/2016 17:16:00	0.8727999926	8/8/2016 17:16:00	0
8/8/2016 16:30:31	79	8/8/2016 17:17:00	0.8727999926	8/8/2016 17:17:00	0
8/8/2016 16:30:33	80	8/8/2016 17:18:00	0.8727999926	8/8/2016 17:18:00	0
8/8/2016 16:30:36	80	8/8/2016 17:19:00	0.8727999926	8/8/2016 17:19:00	0
8/8/2016 16:30:39	80	8/8/2016 17:20:00	0.8727999926	8/8/2016 17:20:00	0
8/8/2016 16:30:40	80	8/8/2016 17:21:00	0.8727999926	8/8/2016 17:21:00	0
8/8/2016 16:30:42	81	8/8/2016 17:22:00	0.8727999926	8/8/2016 17:22:00	0
8/8/2016 16:30:45	81	8/8/2016 17:23:00	0.8727999926	8/8/2016 17:23:00	0
8/8/2016 16:30:48	82	8/8/2016 17:24:00	0.8727999926	8/8/2016 17:24:00	0
8/8/2016 16:30:51	82	8/8/2016 17:25:00	0.8727999926	8/8/2016 17:25:00	0
8/8/2016 16:30:54	82	8/8/2016 17:26:00	0.8727999926	8/8/2016 17:26:00	0
8/8/2016 16:30:56	83	8/8/2016 17:27:00	0.8727999926	8/8/2016 17:27:00	0
8/8/2016 16:30:59	84	8/8/2016 17:28:00	0.8727999926	8/8/2016 17:28:00	0
8/8/2016 16:31:02	84	8/8/2016 17:29:00	0.8727999926	8/8/2016 17:29:00	0
8/8/2016 16:31:05	84	8/8/2016 17:30:00	0.8727999926	8/8/2016 17:30:00	0
8/8/2016 16:31:08	85	8/8/2016 17:31:00	0.8727999926	8/8/2016 17:31:00	0
8/8/2016 16:31:10	86	8/8/2016 17:32:00	0.8727999926	8/8/2016 17:32:00	0
8/8/2016 16:31:11	87	8/8/2016 17:33:00	0.8727999926	8/8/2016 17:33:00	0
8/8/2016 16:31:12	87	8/8/2016 17:34:00	0.8727999926	8/8/2016 17:34:00	0
8/8/2016 16:31:13	88	8/8/2016 17:35:00	0.8727999926	8/8/2016 17:35:00	0
8/8/2016 16:31:14	89	8/8/2016 17:36:00	0.8727999926	8/8/2016 17:36:00	0
8/8/2016 16:31:15	89	8/8/2016 17:37:00	0.8727999926	8/8/2016 17:37:00	0
8/8/2016 16:31:16	89	8/8/2016 17:38:00	0.8727999926	8/8/2016 17:38:00	0
8/8/2016 16:31:19	89	8/8/2016 17:39:00	0.8727999926	8/8/2016 17:39:00	0
8/8/2016 16:31:21	90	8/8/2016 17:40:00	0.8727999926	8/8/2016 17:40:00	0
8/8/2016 16:31:24	90	8/8/2016 17:41:00	0.8727999926	8/8/2016 17:41:00	0
8/8/2016 16:31:27	90	8/8/2016 17:42:00	0.8727999926	8/8/2016 17:42:00	0
8/8/2016 16:31:29	91	8/8/2016 17:43:00	0.8727999926	8/8/2016 17:43:00	0
8/8/2016 16:31:30	91	8/8/2016 17:44:00	0.8727999926	8/8/2016 17:44:00	0
8/8/2016 16:31:31	92	8/8/2016 17:45:00	0.8727999926	8/8/2016 17:45:00	0
8/8/2016 16:31:34	92	8/8/2016 17:46:00	0.8727999926	8/8/2016 17:46:00	0
8/8/2016 16:31:37	92	8/8/2016 17:47:00	0.8727999926	8/8/2016 17:47:00	0
8/8/2016 16:31:38	93	8/8/2016 17:48:00	0.8727999926	8/8/2016 17:48:00	0
8/8/2016 16:31:41	93	8/8/2016 17:49:00	0.8727999926	8/8/2016 17:49:00	0
8/8/2016 16:31:44	93	8/8/2016 17:50:00	0.8727999926	8/8/2016 17:50:00	0
8/8/2016 16:31:45	94	8/8/2016 17:51:00	0.8727999926	8/8/2016 17:51:00	0
8/8/2016 16:31:48	94	8/8/2016 17:52:00	0.8727999926	8/8/2016 17:52:00	0
8/8/2016 16:31:51	94	8/8/2016 17:53:00	0.8727999926	8/8/2016 17:53:00	0
8/8/2016 16:31:53	86	8/8/2016 17:54:00	0.8727999926	8/8/2016 17:54:00	0
8/8/2016 16:31:54	85	8/8/2016 17:55:00	0.8727999926	8/8/2016 17:55:00	0
8/8/2016 16:31:55	84	8/8/2016 17:56:00	0.8727999926	8/8/2016 17:56:00	0
8/8/2016 16:31:56	84	8/8/2016 17:57:00	0.8727999926	8/8/2016 17:57:00	0
8/8/2016 16:31:58	82	8/8/2016 17:58:00	0.8727999926	8/8/2016 17:58:00	0
8/8/2016 16:31:59	82	8/8/2016 17:59:00	0.8727999926	8/8/2016 17:59:00	0
8/8/2016 16:32:02	81	8/8/2016 18:00:00	0.8727999926	8/8/2016 18:00:00	0
8/8/2016 16:32:03	81	8/8/2016 18:01:00	0.8727999926	8/8/2016 18:01:00	0
8/8/2016 16:32:06	82	8/8/2016 18:02:00	0.8727999926	8/8/2016 18:02:00	0
8/8/2016 16:32:07	82	8/8/2016 18:03:00	0.8727999926	8/8/2016 18:03:00	0
8/8/2016 16:32:10	82	8/8/2016 18:04:00	0.8727999926	8/8/2016 18:04:00	0
8/8/2016 16:32:13	82	8/8/2016 18:05:00	0.8727999926	8/8/2016 18:05:00	0
8/8/2016 16:32:16	82	8/8/2016 18:06:00	0.8727999926	8/8/2016 18:06:00	0
8/8/2016 16:32:19	82	8/8/2016 18:07:00	0.8727999926	8/8/2016 18:07:00	0
8/8/2016 16:32:22	82	8/8/2016 18:08:00	0.8727999926	8/8/2016 18:08:00	0
8/8/2016 16:32:25	82	8/8/2016 18:09:00	0.8727999926	8/8/2016 18:09:00	0
8/8/2016 16:32:28	82	8/8/2016 18:10:00	0.8727999926	8/8/2016 18:10:00	0
8/8/2016 16:32:31	82	8/8/2016 18:11:00	0.8727999926	8/8/2016 18:11:00	0
8/8/2016 16:32:33	82	8/8/2016 18:12:00	0.8727999926	8/8/2016 18:12:00	0
8/8/2016 16:32:36	82	8/8/2016 18:13:00	0.8727999926	8/8/2016 18:13:00	0
8/8/2016 16:32:39	82	8/8/2016 18:14:00	0.8727999926	8/8/2016 18:14:00	0
8/8/2016 16:32:42	82	8/8/2016 18:15:00	0.8727999926	8/8/2016 18:15:00	0
8/8/2016 16:32:45	82	8/8/2016 18:16:00	0.8727999926	8/8/2016 18:16:00	0
8/8/2016 16:32:48	82	8/8/2016 18:17:00	0.8727999926	8/8/2016 18:17:00	0
8/8/2016 16:32:51	82	8/8/2016 18:18:00	0.8727999926	8/8/2016 18:18:00	0
8/8/2016 16:32:54	82	8/8/2016 18:19:00	0.8727999926	8/8/2016 18:19:00	0
8/8/2016 16:32:57	82	8/8/2016 18:20:00	0.8727999926	8/8/2016 18:20:00	0
8/8/2016 16:33:00	82	8/8/2016 18:21:00	0.8727999926	8/8/2016 18:21:00	0
8/8/2016 16:33:03	82	8/8/2016 18:22:00	0.8727999926	8/8/2016 18:22:00	0
8/8/2016 16:33:06	82	8/8/2016 18:23:00	0.8727999926	8/8/2016 18:23:00	0
8/8/2016 16:33:09	82	8/8/2016 18:24:00	0.8727999926	8/8/2016 18:24:00	0
8/8/2016 16:33:12	82	8/8/2016 18:25:00	0.8727999926	8/8/2016 18:25:00	0
8/8/2016 16:33:15	82	8/8/2016 18:26:00	0.8727999926	8/8/2016 18:26:00	0
8/8/2016 16:33:18	82	8/8/2016 18:27:00	0.8727999926	8/8/2016 18:27:00	0
8/8/2016 16:33:19	82	8/8/2016 18:28:00	0.8727999926	8/8/2016 18:28:00	0
8/8/2016 16:33:22	82	8/8/2016 18:29:00	0.8727999926	8/8/2016 18:29:00	0
8/8/2016 16:33:25	82	8/8/2016 18:30:00	0.8727999926	8/8/2016 18:30:00	0
8/8/2016 16:33:28	82	8/8/2016 18:31:00	0.8727999926	8/8/2016 18:31:00	0
8/8/2016 16:33:31	82	8/8/2016 18:32:00	0.8727999926	8/8/2016 18:32:00	0
8/8/2016 16:33:34	82	8/8/2016 18:33:00	0.8727999926	8/8/2016 18:33:00	0
8/8/2016 16:33:37	82	8/8/2016 18:34:00	0.8727999926	8/8/2016 18:34:00	0
8/8/2016 16:33:40	82	8/8/2016 18:35:00	0.8727999926	8/8/2016 18:35:00	0
8/8/2016 16:33:43	82	8/8/2016 18:36:00	0.8727999926	8/8/2016 18:36:00	0
8/8/2016 16:33:45	82	8/8/2016 18:37:00	0.8727999926	8/8/2016 18:37:00	0
8/8/2016 16:33:48	82	8/8/2016 18:38:00	0.8727999926	8/8/2016 18:38:00	0
8/8/2016 16:33:50	82	8/8/2016 18:39:00	0.8727999926	8/8/2016 18:39:00	0
8/8/2016 16:33:53	82	8/8/2016 18:40:00	0.8727999926	8/8/2016 18:40:00	0
8/8/2016 16:33:56	82	8/8/2016 18:41:00	0.8727999926	8/8/2016 18:41:00	0
8/8/2016 16:33:59	83	8/8/2016 18:42:00	0.8727999926	8/8/2016 18:42:00	0
8/8/2016 16:34:02	83	8/8/2016 18:43:00	0.8727999926	8/8/2016 18:43:00	0
8/8/2016 16:34:05	83	8/8/2016 18:44:00	0.8727999926	8/8/2016 18:44:00	0
8/8/2016 16:34:08	83	8/8/2016 18:45:00	0.8727999926	8/8/2016 18:45:00	0
8/8/2016 16:34:11	83	8/8/2016 18:46:00	0.8727999926	8/8/2016 18:46:00	0
8/8/2016 16:34:14	83	8/8/2016 18:47:00	0.8727999926	8/8/2016 18:47:00	0
8/8/2016 16:34:17	83	8/8/2016 18:48:00	0.8727999926	8/8/2016 18:48:00	0
8/8/2016 16:34:20	83	8/8/2016 18:49:00	0.8727999926	8/8/2016 18:49:00	0
8/8/2016 16:34:21	84	8/8/2016 18:50:00	0.8727999926	8/8/2016 18:50:00	0
8/8/2016 16:34:23	85	8/8/2016 18:51:00	0.8727999926	8/8/2016 18:51:00	0
8/8/2016 16:34:25	86	8/8/2016 18:52:00	0.8727999926	8/8/2016 18:52:00	0
8/8/2016 16:34:28	87	8/8/2016 18:53:00	0.8727999926	8/8/2016 18:53:00	0
8/8/2016 16:34:29	87	8/8/2016 18:54:00	0.8727999926	8/8/2016 18:54:00	0
8/8/2016 16:34:30	88	8/8/2016 18:55:00	0.8727999926	8/8/2016 18:55:00	0
8/8/2016 16:34:31	89	8/8/2016 18:56:00	0.8727999926	8/8/2016 18:56:00	0
8/8/2016 16:34:34	89	8/8/2016 18:57:00	0.8727999926	8/8/2016 18:57:00	0
8/8/2016 16:34:37	89	8/8/2016 18:58:00	0.8727999926	8/8/2016 18:58:00	0
8/8/2016 16:34:38	90	8/8/2016 18:59:00	0.8727999926	8/8/2016 18:59:00	0
8/8/2016 16:34:39	91	8/8/2016 19:00:00	0.8727999926	8/8/2016 19:00:00	0
8/8/2016 16:34:40	92	8/8/2016 19:01:00	0.8727999926	8/8/2016 19:01:00	0
8/8/2016 16:34:42	93	8/8/2016 19:02:00	0.8727999926	8/8/2016 19:02:00	0
8/8/2016 16:34:43	94	8/8/2016 19:03:00	0.8727999926	8/8/2016 19:03:00	0
8/8/2016 16:34:44	95	8/8/2016 19:04:00	0.8727999926	8/8/2016 19:04:00	0
8/8/2016 16:34:46	96	8/8/2016 19:05:00	0.8727999926	8/8/2016 19:05:00	0
8/8/2016 16:34:49	96	8/8/2016 19:06:00	0.8727999926	8/8/2016 19:06:00	0
8/8/2016 16:34:51	97	8/8/2016 19:07:00	0.8727999926	8/8/2016 19:07:00	0
8/8/2016 16:34:54	98	8/8/2016 19:08:00	0.8727999926	8/8/2016 19:08:00	0
8/8/2016 16:34:55	99	8/8/2016 19:09:00	0.8727999926	8/8/2016 19:09:00	0
8/8/2016 16:34:56	100	8/8/2016 19:10:00	0.8727999926	8/8/2016 19:10:00	0
8/8/2016 16:34:57	101	8/8/2016 19:11:00	0.8727999926	8/8/2016 19:11:00	0
8/8/2016 16:34:58	102	8/8/2016 19:12:00	0.8727999926	8/8/2016 19:12:00	0
8/8/2016 16:34:59	103	8/8/2016 19:13:00	0.8727999926	8/8/2016 19:13:00	0
8/8/2016 16:35:00	104	8/8/2016 19:14:00	0.8727999926	8/8/2016 19:14:00	0
8/8/2016 16:35:01	105	8/8/2016 19:15:00	0.8727999926	8/8/2016 19:15:00	0
8/8/2016 16:35:02	106	8/8/2016 19:16:00	0.8727999926	8/8/2016 19:16:00	0
8/8/2016 16:35:05	106	8/8/2016 19:17:00	0.8727999926	8/8/2016 19:17:00	0
8/8/2016 16:35:08	106	8/8/2016 19:18:00	0.8727999926	8/8/2016 19:18:00	0
8/8/2016 16:35:11	106	8/8/2016 19:19:00	0.8727999926	8/8/2016 19:19:00	0
8/8/2016 16:35:13	105	8/8/2016 19:20:00	0.8727999926	8/8/2016 19:20:00	0
8/8/2016 16:35:14	104	8/8/2016 19:21:00	0.8727999926	8/8/2016 19:21:00	0
8/8/2016 16:35:15	103	8/8/2016 19:22:00	0.8727999926	8/8/2016 19:22:00	0
8/8/2016 16:35:18	103	8/8/2016 19:23:00	0.8727999926	8/8/2016 19:23:00	0
8/8/2016 16:35:21	103	8/8/2016 19:24:00	0.8727999926	8/8/2016 19:24:00	0
8/8/2016 16:35:22	102	8/8/2016 19:25:00	0.8727999926	8/8/2016 19:25:00	0
8/8/2016 16:35:23	101	8/8/2016 19:26:00	0.8727999926	8/8/2016 19:26:00	0
8/8/2016 16:35:24	100	8/8/2016 19:27:00	0.8727999926	8/8/2016 19:27:00	0
8/8/2016 16:35:26	98	8/8/2016 19:28:00	0.8727999926	8/8/2016 19:28:00	0
8/8/2016 16:35:27	91	8/8/2016 19:29:00	0.8727999926	8/8/2016 19:29:00	0
8/8/2016 16:35:28	91	8/8/2016 19:30:00	0.8727999926	8/8/2016 19:30:00	0
8/8/2016 16:35:31	91	8/8/2016 19:31:00	0.8727999926	8/8/2016 19:31:00	0
8/8/2016 16:35:32	92	8/8/2016 19:32:00	0.8727999926	8/8/2016 19:32:00	0
8/8/2016 16:35:34	93	8/8/2016 19:33:00	0.8727999926	8/8/2016 19:33:00	0
8/8/2016 16:35:37	93	8/8/2016 19:34:00	0.8727999926	8/8/2016 19:34:00	0
8/8/2016 16:35:40	93	8/8/2016 19:35:00	0.8727999926	8/8/2016 19:35:00	0
8/8/2016 16:35:41	94	8/8/2016 19:36:00	0.8727999926	8/8/2016 19:36:00	0
8/8/2016 16:35:42	95	8/8/2016 19:37:00	0.8727999926	8/8/2016 19:37:00	0
8/8/2016 16:35:44	96	8/8/2016 19:38:00	0.8727999926	8/8/2016 19:38:00	0
8/8/2016 16:35:47	96	8/8/2016 19:39:00	0.8727999926	8/8/2016 19:39:00	0
8/8/2016 16:35:48	96	8/8/2016 19:40:00	0.8727999926	8/8/2016 19:40:00	0
8/8/2016 16:35:51	96	8/8/2016 19:41:00	0.8727999926	8/8/2016 19:41:00	0
8/8/2016 16:35:54	82	8/8/2016 19:42:00	0.8727999926	8/8/2016 19:42:00	0
8/8/2016 16:35:55	82	8/8/2016 19:43:00	0.8727999926	8/8/2016 19:43:00	0
8/8/2016 16:35:56	81	8/8/2016 19:44:00	0.8727999926	8/8/2016 19:44:00	0
8/8/2016 16:35:57	78	8/8/2016 19:45:00	0.8727999926	8/8/2016 19:45:00	0
8/8/2016 16:35:58	76	8/8/2016 19:46:00	0.8727999926	8/8/2016 19:46:00	0
8/8/2016 16:35:59	74	8/8/2016 19:47:00	0.8727999926	8/8/2016 19:47:00	0
8/8/2016 16:36:00	72	8/8/2016 19:48:00	0.8727999926	8/8/2016 19:48:00	0
8/8/2016 16:36:01	71	8/8/2016 19:49:00	0.8727999926	8/8/2016 19:49:00	0
8/8/2016 16:36:04	71	8/8/2016 19:50:00	0.8727999926	8/8/2016 19:50:00	0
8/8/2016 16:36:05	69	8/8/2016 19:51:00	0.8727999926	8/8/2016 19:51:00	0
8/8/2016 16:36:06	69	8/8/2016 19:52:00	0.8727999926	8/8/2016 19:52:00	0
8/8/2016 16:36:09	69	8/8/2016 19:53:00	0.8727999926	8/8/2016 19:53:00	0
8/8/2016 16:36:10	69	8/8/2016 19:54:00	0.8727999926	8/8/2016 19:54:00	0
8/8/2016 16:36:13	69	8/8/2016 19:55:00	0.8727999926	8/8/2016 19:55:00	0
8/8/2016 16:36:16	69	8/8/2016 19:56:00	0.8727999926	8/8/2016 19:56:00	0
8/8/2016 16:36:19	69	8/8/2016 19:57:00	0.8727999926	8/8/2016 19:57:00	0
8/8/2016 16:36:22	69	8/8/2016 19:58:00	0.8727999926	8/8/2016 19:58:00	0
8/8/2016 16:36:25	69	8/8/2016 19:59:00	0.8727999926	8/8/2016 19:59:00	0
8/8/2016 16:36:28	69	8/8/2016 20:00:00	0.8727999926	8/8/2016 20:00:00	0
8/8/2016 16:36:30	70	8/8/2016 20:01:00	0.8727999926	8/8/2016 20:01:00	0
8/8/2016 16:36:33	71	8/8/2016 20:02:00	0.8727999926	8/8/2016 20:02:00	0
8/8/2016 16:36:34	71	8/8/2016 20:03:00	0.8727999926	8/8/2016 20:03:00	0
8/8/2016 16:36:35	71	8/8/2016 20:04:00	0.8727999926	8/8/2016 20:04:00	0
8/8/2016 16:36:36	71	8/8/2016 20:05:00	0.8727999926	8/8/2016 20:05:00	0
8/8/2016 16:36:39	71	8/8/2016 20:06:00	0.8727999926	8/8/2016 20:06:00	0
8/8/2016 16:36:42	71	8/8/2016 20:07:00	0.8727999926	8/8/2016 20:07:00	0
8/8/2016 16:36:44	72	8/8/2016 20:08:00	0.8727999926	8/8/2016 20:08:00	0
8/8/2016 16:36:45	73	8/8/2016 20:09:00	0.8727999926	8/8/2016 20:09:00	0
8/8/2016 16:36:46	73	8/8/2016 20:10:00	0.8727999926	8/8/2016 20:10:00	0
8/8/2016 16:36:49	73	8/8/2016 20:11:00	0.8727999926	8/8/2016 20:11:00	0
8/8/2016 16:36:52	73	8/8/2016 20:12:00	0.8727999926	8/8/2016 20:12:00	0
8/8/2016 16:36:55	73	8/8/2016 20:13:00	0.8727999926	8/8/2016 20:13:00	0
8/8/2016 16:36:58	73	8/8/2016 20:14:00	0.8727999926	8/8/2016 20:14:00	0
8/8/2016 16:36:59	73	8/8/2016 20:15:00	0.8727999926	8/8/2016 20:15:00	0
8/8/2016 16:37:02	73	8/8/2016 20:16:00	0.8727999926	8/8/2016 20:16:00	0
8/8/2016 16:37:05	73	8/8/2016 20:17:00	0.8727999926	8/8/2016 20:17:00	0
8/8/2016 16:37:08	73	8/8/2016 20:18:00	0.8727999926	8/8/2016 20:18:00	0
8/8/2016 16:37:11	73	8/8/2016 20:19:00	0.8727999926	8/8/2016 20:19:00	0
8/8/2016 16:37:14	73	8/8/2016 20:20:00	0.8727999926	8/8/2016 20:20:00	0
8/8/2016 16:37:16	73	8/8/2016 20:21:00	0.8727999926	8/8/2016 20:21:00	0
8/8/2016 16:37:19	73	8/8/2016 20:22:00	0.8727999926	8/8/2016 20:22:00	0
8/8/2016 16:37:22	73	8/8/2016 20:23:00	0.8727999926	8/8/2016 20:23:00	0
8/8/2016 16:37:25	73	8/8/2016 20:24:00	0.8727999926	8/8/2016 20:24:00	0
8/8/2016 16:37:26	73	8/8/2016 20:25:00	0.8727999926	8/8/2016 20:25:00	0
8/8/2016 16:37:29	73	8/8/2016 20:26:00	0.8727999926	8/8/2016 20:26:00	0
8/8/2016 16:37:31	74	8/8/2016 20:27:00	0.8727999926	8/8/2016 20:27:00	0
8/8/2016 16:37:33	75	8/8/2016 20:28:00	0.8727999926	8/8/2016 20:28:00	0
8/8/2016 16:37:35	76	8/8/2016 20:29:00	0.8727999926	8/8/2016 20:29:00	0
8/8/2016 16:37:38	76	8/8/2016 20:30:00	0.8727999926	8/8/2016 20:30:00	0
8/8/2016 16:37:39	77	8/8/2016 20:31:00	0.8727999926	8/8/2016 20:31:00	0
8/8/2016 16:37:40	78	8/8/2016 20:32:00	0.8727999926	8/8/2016 20:32:00	0
8/8/2016 16:37:41	79	8/8/2016 20:33:00	0.8727999926	8/8/2016 20:33:00	0
8/8/2016 16:37:44	80	8/8/2016 20:34:00	0.8727999926	8/8/2016 20:34:00	0
8/8/2016 16:37:46	81	8/8/2016 20:35:00	0.8727999926	8/8/2016 20:35:00	0
8/8/2016 16:37:47	82	8/8/2016 20:36:00	0.8727999926	8/8/2016 20:36:00	0
8/8/2016 16:37:48	83	8/8/2016 20:37:00	0.8727999926	8/8/2016 20:37:00	0
8/8/2016 16:37:50	84	8/8/2016 20:38:00	0.8727999926	8/8/2016 20:38:00	0
8/8/2016 16:37:51	85	8/8/2016 20:39:00	0.8727999926	8/8/2016 20:39:00	0
8/8/2016 16:37:53	86	8/8/2016 20:40:00	0.8727999926	8/8/2016 20:40:00	0
8/8/2016 16:37:54	87	8/8/2016 20:41:00	0.8727999926	8/8/2016 20:41:00	0
8/8/2016 16:37:55	89	8/8/2016 20:42:00	0.8727999926	8/8/2016 20:42:00	0
8/8/2016 16:37:56	90	8/8/2016 20:43:00	0.8727999926	8/8/2016 20:43:00	0
8/8/2016 16:37:57	92	8/8/2016 20:44:00	0.8727999926	8/8/2016 20:44:00	0
8/8/2016 16:37:58	96	8/8/2016 20:45:00	0.8727999926	8/8/2016 20:45:00	0
8/8/2016 16:37:59	101	8/8/2016 20:46:00	0.8727999926	8/8/2016 20:46:00	0
8/8/2016 16:38:00	102	8/8/2016 20:47:00	0.8727999926	8/8/2016 20:47:00	0
8/8/2016 16:38:03	102	8/8/2016 20:48:00	0.8727999926	8/8/2016 20:48:00	0
8/8/2016 16:38:06	102	8/8/2016 20:49:00	0.8727999926	8/8/2016 20:49:00	0
8/8/2016 16:38:07	102	8/8/2016 20:50:00	0.8727999926	8/8/2016 20:50:00	0
8/8/2016 16:38:10	103	8/8/2016 20:51:00	0.8727999926	8/8/2016 20:51:00	0
8/8/2016 16:38:12	104	8/8/2016 20:52:00	0.8727999926	8/8/2016 20:52:00	0
8/8/2016 16:38:14	103	8/8/2016 20:53:00	0.8727999926	8/8/2016 20:53:00	0
8/8/2016 16:38:15	102	8/8/2016 20:54:00	0.8727999926	8/8/2016 20:54:00	0
8/8/2016 16:38:16	101	8/8/2016 20:55:00	0.8727999926	8/8/2016 20:55:00	0
8/8/2016 16:38:17	100	8/8/2016 20:56:00	0.8727999926	8/8/2016 20:56:00	0
8/8/2016 16:38:18	99	8/8/2016 20:57:00	0.8727999926	8/8/2016 20:57:00	0
8/8/2016 16:38:21	99	8/8/2016 20:58:00	0.8727999926	8/8/2016 20:58:00	0
8/8/2016 16:38:24	99	8/8/2016 20:59:00	0.8727999926	8/8/2016 20:59:00	0
8/8/2016 16:38:27	99	8/8/2016 21:00:00	0.8727999926	8/8/2016 21:00:00	0
8/8/2016 16:38:28	98	8/8/2016 21:01:00	0.8727999926	8/8/2016 21:01:00	0
8/8/2016 16:38:30	99	8/8/2016 21:02:00	0.8727999926	8/8/2016 21:02:00	0
8/8/2016 16:38:32	100	8/8/2016 21:03:00	0.8727999926	8/8/2016 21:03:00	0
8/8/2016 16:38:34	101	8/8/2016 21:04:00	0.8727999926	8/8/2016 21:04:00	0
8/8/2016 16:38:36	102	8/8/2016 21:05:00	0.8727999926	8/8/2016 21:05:00	0
8/8/2016 16:38:37	102	8/8/2016 21:06:00	0.8727999926	8/8/2016 21:06:00	0
8/8/2016 16:38:39	103	8/8/2016 21:07:00	0.8727999926	8/8/2016 21:07:00	0
8/8/2016 16:38:40	103	8/8/2016 21:08:00	0.8727999926	8/8/2016 21:08:00	0
8/8/2016 16:38:41	103	8/8/2016 21:09:00	0.8727999926	8/8/2016 21:09:00	0
8/8/2016 16:38:42	104	8/8/2016 21:10:00	0.8727999926	8/8/2016 21:10:00	0
8/8/2016 16:38:44	105	8/8/2016 21:11:00	0.8727999926	8/8/2016 21:11:00	0
8/8/2016 16:38:45	106	8/8/2016 21:12:00	0.8727999926	8/8/2016 21:12:00	0
8/8/2016 16:38:46	105	8/8/2016 21:13:00	0.8727999926	8/8/2016 21:13:00	0
8/8/2016 16:38:49	105	8/8/2016 21:14:00	0.8727999926	8/8/2016 21:14:00	0
8/8/2016 16:38:52	105	8/8/2016 21:15:00	0.8727999926	8/8/2016 21:15:00	0
8/8/2016 16:38:55	105	8/8/2016 21:16:00	0.8727999926	8/8/2016 21:16:00	0
8/8/2016 16:38:57	106	8/8/2016 21:17:00	0.8727999926	8/8/2016 21:17:00	0
8/8/2016 16:38:58	107	8/8/2016 21:18:00	0.8727999926	8/8/2016 21:18:00	0
8/8/2016 16:39:01	107	8/8/2016 21:19:00	0.8727999926	8/8/2016 21:19:00	0
8/8/2016 16:39:03	108	8/8/2016 21:20:00	0.8727999926	8/8/2016 21:20:00	0
8/8/2016 16:39:06	107	8/8/2016 21:21:00	0.8727999926	8/8/2016 21:21:00	0
8/8/2016 16:39:07	105	8/8/2016 21:22:00	0.8727999926	8/8/2016 21:22:00	0
8/8/2016 16:39:08	103	8/8/2016 21:23:00	0.8727999926	8/8/2016 21:23:00	0
8/8/2016 16:39:09	101	8/8/2016 21:24:00	0.8727999926	8/8/2016 21:24:00	0
8/8/2016 16:39:10	100	8/8/2016 21:25:00	0.8727999926	8/8/2016 21:25:00	0
8/8/2016 16:39:13	101	8/8/2016 21:26:00	0.8727999926	8/8/2016 21:26:00	0
8/8/2016 16:39:14	102	8/8/2016 21:27:00	0.8727999926	8/8/2016 21:27:00	0
8/8/2016 16:39:15	103	8/8/2016 21:28:00	0.8727999926	8/8/2016 21:28:00	0
8/8/2016 16:39:16	104	8/8/2016 21:29:00	0.8727999926	8/8/2016 21:29:00	0
8/8/2016 16:39:19	104	8/8/2016 21:30:00	0.8727999926	8/8/2016 21:30:00	0
8/8/2016 16:39:22	104	8/8/2016 21:31:00	0.8727999926	8/8/2016 21:31:00	0
8/8/2016 16:39:24	102	8/8/2016 21:32:00	0.8727999926	8/8/2016 21:32:00	0
8/8/2016 16:39:25	101	8/8/2016 21:33:00	0.8727999926	8/8/2016 21:33:00	0
8/8/2016 16:39:26	99	8/8/2016 21:34:00	0.8727999926	8/8/2016 21:34:00	0
8/8/2016 16:39:27	98	8/8/2016 21:35:00	0.8727999926	8/8/2016 21:35:00	0
8/8/2016 16:39:28	97	8/8/2016 21:36:00	0.8727999926	8/8/2016 21:36:00	0
8/8/2016 16:39:29	96	8/8/2016 21:37:00	0.8727999926	8/8/2016 21:37:00	0
8/8/2016 16:39:30	95	8/8/2016 21:38:00	0.8727999926	8/8/2016 21:38:00	0
8/8/2016 16:39:31	94	8/8/2016 21:39:00	0.8727999926	8/8/2016 21:39:00	0
8/8/2016 16:39:32	95	8/8/2016 21:40:00	0.8727999926	8/8/2016 21:40:00	0
8/8/2016 16:39:35	95	8/8/2016 21:41:00	0.8727999926	8/8/2016 21:41:00	0
8/8/2016 16:39:36	96	8/8/2016 21:42:00	0.8727999926	8/8/2016 21:42:00	0
8/8/2016 16:39:37	97	8/8/2016 21:43:00	0.8727999926	8/8/2016 21:43:00	0
8/8/2016 16:39:40	98	8/8/2016 21:44:00	0.8727999926	8/8/2016 21:44:00	0
8/8/2016 16:39:43	98	8/8/2016 21:45:00	0.8727999926	8/8/2016 21:45:00	0
8/8/2016 16:39:46	98	8/8/2016 21:46:00	0.8727999926	8/8/2016 21:46:00	0
8/8/2016 16:39:47	99	8/8/2016 21:47:00	0.8727999926	8/8/2016 21:47:00	0
8/8/2016 16:39:50	99	8/8/2016 21:48:00	0.8727999926	8/8/2016 21:48:00	0
8/8/2016 16:39:53	100	8/8/2016 21:49:00	0.8727999926	8/8/2016 21:49:00	0
8/8/2016 16:39:56	101	8/8/2016 21:50:00	0.8727999926	8/8/2016 21:50:00	0
8/8/2016 16:39:59	101	8/8/2016 21:51:00	0.8727999926	8/8/2016 21:51:00	0
8/8/2016 16:40:02	101	8/8/2016 21:52:00	0.8727999926	8/8/2016 21:52:00	0
8/8/2016 16:40:04	102	8/8/2016 21:53:00	0.8727999926	8/8/2016 21:53:00	0
8/8/2016 16:40:06	101	8/8/2016 21:54:00	0.8727999926	8/8/2016 21:54:00	0
8/8/2016 16:40:07	102	8/8/2016 21:55:00	0.8727999926	8/8/2016 21:55:00	0
8/8/2016 16:40:10	102	8/8/2016 21:56:00	0.8727999926	8/8/2016 21:56:00	0
8/8/2016 16:40:13	102	8/8/2016 21:57:00	0.8727999926	8/8/2016 21:57:00	0
8/8/2016 16:40:16	101	8/8/2016 21:58:00	0.8727999926	8/8/2016 21:58:00	0
8/8/2016 16:40:17	99	8/8/2016 21:59:00	0.8727999926	8/8/2016 21:59:00	0
8/8/2016 16:40:20	99	8/8/2016 22:00:00	0.8727999926	8/8/2016 22:00:00	0
8/8/2016 16:40:23	99	8/8/2016 22:01:00	0.8727999926	8/8/2016 22:01:00	0
8/8/2016 16:40:26	99	8/8/2016 22:02:00	0.8727999926	8/8/2016 22:02:00	0
8/8/2016 16:40:27	99	8/8/2016 22:03:00	0.8727999926	8/8/2016 22:03:00	0
8/8/2016 16:40:28	99	8/8/2016 22:04:00	0.8727999926	8/8/2016 22:04:00	0
8/8/2016 16:40:31	99	8/8/2016 22:05:00	0.8727999926	8/8/2016 22:05:00	0
8/8/2016 16:40:34	99	8/8/2016 22:06:00	0.8727999926	8/8/2016 22:06:00	0
8/8/2016 16:40:36	98	8/8/2016 22:07:00	0.8727999926	8/8/2016 22:07:00	0
8/8/2016 16:40:39	98	8/8/2016 22:08:00	0.8727999926	8/8/2016 22:08:00	0
8/8/2016 16:40:40	98	8/8/2016 22:09:00	0.8727999926	8/8/2016 22:09:00	0
8/8/2016 16:40:43	98	8/8/2016 22:10:00	0.8727999926	8/8/2016 22:10:00	0
8/8/2016 16:40:46	98	8/8/2016 22:11:00	0.8727999926	8/8/2016 22:11:00	0
8/8/2016 16:40:47	98	8/8/2016 22:12:00	0.8727999926	8/8/2016 22:12:00	0
8/8/2016 16:40:50	98	8/8/2016 22:13:00	0.8727999926	8/8/2016 22:13:00	0
8/8/2016 16:40:53	98	8/8/2016 22:14:00	0.8727999926	8/8/2016 22:14:00	0
8/8/2016 16:40:56	98	8/8/2016 22:15:00	0.8727999926	8/8/2016 22:15:00	0
8/8/2016 16:40:59	98	8/8/2016 22:16:00	0.8727999926	8/8/2016 22:16:00	0
8/8/2016 16:41:02	98	8/8/2016 22:17:00	0.8727999926	8/8/2016 22:17:00	0
8/8/2016 16:41:05	98	8/8/2016 22:18:00	0.8727999926	8/8/2016 22:18:00	0
8/8/2016 16:41:07	97	8/8/2016 22:19:00	0.8727999926	8/8/2016 22:19:00	0
8/8/2016 16:41:08	96	8/8/2016 22:20:00	0.8727999926	8/8/2016 22:20:00	0
8/8/2016 16:41:09	95	8/8/2016 22:21:00	0.8727999926	8/8/2016 22:21:00	0
8/8/2016 16:41:10	94	8/8/2016 22:22:00	0.8727999926	8/8/2016 22:22:00	0
8/8/2016 16:41:11	93	8/8/2016 22:23:00	0.8727999926	8/8/2016 22:23:00	0
8/8/2016 16:41:14	93	8/8/2016 22:24:00	0.8727999926	8/8/2016 22:24:00	0
8/8/2016 16:41:16	92	8/8/2016 22:25:00	0.8727999926	8/8/2016 22:25:00	0
8/8/2016 16:41:19	93	8/8/2016 22:26:00	0.8727999926	8/8/2016 22:26:00	0
8/8/2016 16:41:22	93	8/8/2016 22:27:00	0.8727999926	8/8/2016 22:27:00	0
8/8/2016 16:41:23	94	8/8/2016 22:28:00	0.8727999926	8/8/2016 22:28:00	0
8/8/2016 16:41:26	95	8/8/2016 22:29:00	0.8727999926	8/8/2016 22:29:00	0
8/8/2016 16:41:27	95	8/8/2016 22:30:00	0.8727999926	8/8/2016 22:30:00	0
8/8/2016 16:41:29	96	8/8/2016 22:31:00	0.8727999926	8/8/2016 22:31:00	0
8/8/2016 16:41:32	97	8/8/2016 22:32:00	0.8727999926	8/8/2016 22:32:00	0
8/8/2016 16:41:33	98	8/8/2016 22:33:00	0.8727999926	8/8/2016 22:33:00	0
8/8/2016 16:41:34	99	8/8/2016 22:34:00	0.8727999926	8/8/2016 22:34:00	0
8/8/2016 16:41:35	100	8/8/2016 22:35:00	0.8727999926	8/8/2016 22:35:00	0
8/8/2016 16:41:36	101	8/8/2016 22:36:00	0.8727999926	8/8/2016 22:36:00	0
8/8/2016 16:41:38	102	8/8/2016 22:37:00	0.8727999926	8/8/2016 22:37:00	0
8/8/2016 16:41:41	103	8/8/2016 22:38:00	0.8727999926	8/8/2016 22:38:00	0
8/8/2016 16:41:42	104	8/8/2016 22:39:00	0.8727999926	8/8/2016 22:39:00	0
8/8/2016 16:41:43	105	8/8/2016 22:40:00	0.8727999926	8/8/2016 22:40:00	0
8/8/2016 16:41:44	106	8/8/2016 22:41:00	0.8727999926	8/8/2016 22:41:00	0
8/8/2016 16:41:45	107	8/8/2016 22:42:00	0.8727999926	8/8/2016 22:42:00	0
8/8/2016 16:41:47	108	8/8/2016 22:43:00	0.8727999926	8/8/2016 22:43:00	0
8/8/2016 16:41:49	108	8/8/2016 22:44:00	0.8727999926	8/8/2016 22:44:00	0
8/8/2016 16:41:51	107	8/8/2016 22:45:00	0.8727999926	8/8/2016 22:45:00	0
8/8/2016 16:41:54	106	8/8/2016 22:46:00	0.8727999926	8/8/2016 22:46:00	0
8/8/2016 16:41:55	107	8/8/2016 22:47:00	0.8727999926	8/8/2016 22:47:00	0
8/8/2016 16:41:57	108	8/8/2016 22:48:00	0.8727999926	8/8/2016 22:48:00	0
8/8/2016 16:41:58	109	8/8/2016 22:49:00	0.8727999926	8/8/2016 22:49:00	0
8/8/2016 16:42:00	110	8/8/2016 22:50:00	0.8727999926	8/8/2016 22:50:00	0
8/8/2016 16:42:01	111	8/8/2016 22:51:00	0.8727999926	8/8/2016 22:51:00	0
8/8/2016 16:42:02	111	8/8/2016 22:52:00	0.8727999926	8/8/2016 22:52:00	0
8/8/2016 16:42:03	112	8/8/2016 22:53:00	0.8727999926	8/8/2016 22:53:00	0
8/8/2016 16:42:04	113	8/8/2016 22:54:00	0.8727999926	8/8/2016 22:54:00	0
8/8/2016 16:42:05	114	8/8/2016 22:55:00	0.8727999926	8/8/2016 22:55:00	0
8/8/2016 16:42:06	115	8/8/2016 22:56:00	0.8727999926	8/8/2016 22:56:00	0
8/8/2016 16:42:07	116	8/8/2016 22:57:00	0.8727999926	8/8/2016 22:57:00	0
8/8/2016 16:42:09	117	8/8/2016 22:58:00	0.8727999926	8/8/2016 22:58:00	0
8/8/2016 16:42:11	118	8/8/2016 22:59:00	0.8727999926	8/8/2016 22:59:00	0
8/8/2016 16:42:12	119	8/8/2016 23:00:00	0.8727999926	8/8/2016 23:00:00	0
8/8/2016 16:42:13	120	8/8/2016 23:01:00	0.8727999926	8/8/2016 23:01:00	0
8/8/2016 16:42:14	121	8/8/2016 23:02:00	0.8727999926	8/8/2016 23:02:00	0
8/8/2016 16:42:15	122	8/8/2016 23:03:00	0.8727999926	8/8/2016 23:03:00	0
8/8/2016 16:42:16	123	8/8/2016 23:04:00	0.8727999926	8/8/2016 23:04:00	0
8/8/2016 16:42:19	123	8/8/2016 23:05:00	0.8727999926	8/8/2016 23:05:00	0
8/8/2016 16:42:20	124	8/8/2016 23:06:00	0.8727999926	8/8/2016 23:06:00	0
8/8/2016 16:42:21	125	8/8/2016 23:07:00	0.8727999926	8/8/2016 23:07:00	0
8/8/2016 16:42:24	125	8/8/2016 23:08:00	0.8727999926	8/8/2016 23:08:00	0
8/8/2016 16:42:27	125	8/8/2016 23:09:00	0.8727999926	8/8/2016 23:09:00	0
8/8/2016 16:42:30	125	8/8/2016 23:10:00	0.8727999926	8/8/2016 23:10:00	0
8/8/2016 16:42:31	123	8/8/2016 23:11:00	0.8727999926	8/8/2016 23:11:00	0
8/8/2016 16:42:32	122	8/8/2016 23:12:00	0.8727999926	8/8/2016 23:12:00	0
8/8/2016 16:42:33	121	8/8/2016 23:13:00	0.8727999926	8/8/2016 23:13:00	0
8/8/2016 16:42:34	119	8/8/2016 23:14:00	0.8727999926	8/8/2016 23:14:00	0
8/8/2016 16:42:35	118	8/8/2016 23:15:00	0.8727999926	8/8/2016 23:15:00	0
8/8/2016 16:42:36	117	8/8/2016 23:16:00	0.8727999926	8/8/2016 23:16:00	0
8/8/2016 16:42:37	116	8/8/2016 23:17:00	0.8727999926	8/8/2016 23:17:00	0
8/8/2016 16:42:38	115	8/8/2016 23:18:00	0.8727999926	8/8/2016 23:18:00	0
8/8/2016 16:42:41	114	8/8/2016 23:19:00	0.8727999926	8/8/2016 23:19:00	0
8/8/2016 16:42:44	114	8/8/2016 23:20:00	0.8727999926	8/8/2016 23:20:00	0
8/8/2016 16:42:45	115	8/8/2016 23:21:00	0.8727999926	8/8/2016 23:21:00	0
8/8/2016 16:42:46	116	8/8/2016 23:22:00	0.8727999926	8/8/2016 23:22:00	0
8/8/2016 16:42:48	117	8/8/2016 23:23:00	0.8727999926	8/8/2016 23:23:00	0
8/8/2016 16:42:49	117	8/8/2016 23:24:00	0.8727999926	8/8/2016 23:24:00	0
8/8/2016 16:42:52	117	8/8/2016 23:25:00	0.8727999926	8/8/2016 23:25:00	0
8/8/2016 16:42:55	117	8/8/2016 23:26:00	0.8727999926	8/8/2016 23:26:00	0
8/8/2016 16:42:58	117	8/8/2016 23:27:00	0.8727999926	8/8/2016 23:27:00	0
8/8/2016 16:42:59	118	8/8/2016 23:28:00	0.8727999926	8/8/2016 23:28:00	0
8/8/2016 16:43:02	118	8/8/2016 23:29:00	0.8727999926	8/8/2016 23:29:00	0
8/8/2016 16:43:03	117	8/8/2016 23:30:00	0.8727999926	8/8/2016 23:30:00	0
8/8/2016 16:43:06	117	8/8/2016 23:31:00	0.8727999926	8/8/2016 23:31:00	0
8/8/2016 16:43:07	116	8/8/2016 23:32:00	0.8727999926	8/8/2016 23:32:00	0
8/8/2016 16:43:08	117	8/8/2016 23:33:00	0.8727999926	8/8/2016 23:33:00	0
8/8/2016 16:43:10	118	8/8/2016 23:34:00	0.8727999926	8/8/2016 23:34:00	0
8/8/2016 16:43:12	120	8/8/2016 23:35:00	0.8727999926	8/8/2016 23:35:00	0
8/8/2016 16:43:14	121	8/8/2016 23:36:00	0.8727999926	8/8/2016 23:36:00	0
8/8/2016 16:43:17	121	8/8/2016 23:37:00	0.8727999926	8/8/2016 23:37:00	0
8/8/2016 16:43:18	122	8/8/2016 23:38:00	0.8727999926	8/8/2016 23:38:00	0
8/8/2016 16:43:19	123	8/8/2016 23:39:00	0.8727999926	8/8/2016 23:39:00	0
8/8/2016 16:43:21	122	8/8/2016 23:40:00	0.8727999926	8/8/2016 23:40:00	0
8/8/2016 16:43:22	120	8/8/2016 23:41:00	0.8727999926	8/8/2016 23:41:00	0
8/8/2016 16:43:23	119	8/8/2016 23:42:00	0.8727999926	8/8/2016 23:42:00	0
8/8/2016 16:43:24	118	8/8/2016 23:43:00	0.8727999926	8/8/2016 23:43:00	0
8/8/2016 16:43:26	117	8/8/2016 23:44:00	0.8727999926	8/8/2016 23:44:00	0
8/8/2016 16:43:27	116	8/8/2016 23:45:00	0.8727999926	8/8/2016 23:45:00	0
8/8/2016 16:43:29	117	8/8/2016 23:46:00	0.8727999926	8/8/2016 23:46:00	0
8/8/2016 16:43:31	118	8/8/2016 23:47:00	0.8727999926	8/8/2016 23:47:00	0
8/8/2016 16:43:32	119	8/8/2016 23:48:00	0.8727999926	8/8/2016 23:48:00	0
8/8/2016 16:43:34	118	8/8/2016 23:49:00	0.8727999926	8/8/2016 23:49:00	0
8/8/2016 16:43:35	116	8/8/2016 23:50:00	0.8727999926	8/8/2016 23:50:00	0
8/8/2016 16:43:36	116	8/8/2016 23:51:00	0.8727999926	8/8/2016 23:51:00	0
8/8/2016 16:43:37	117	8/8/2016 23:52:00	0.8727999926	8/8/2016 23:52:00	0
8/8/2016 16:43:39	118	8/8/2016 23:53:00	0.8727999926	8/8/2016 23:53:00	0
8/8/2016 16:43:40	119	8/8/2016 23:54:00	0.8727999926	8/8/2016 23:54:00	0
8/8/2016 16:43:41	120	8/8/2016 23:55:00	0.8727999926	8/8/2016 23:55:00	0
8/8/2016 16:43:42	121	8/8/2016 23:56:00	0.8727999926	8/8/2016 23:56:00	0
8/8/2016 16:43:43	122	8/8/2016 23:57:00	0.8727999926	8/8/2016 23:57:00	0
8/8/2016 16:43:46	122	8/8/2016 23:58:00	0.8727999926	8/8/2016 23:58:00	0
8/8/2016 16:43:47	123	8/8/2016 23:59:00	0.8727999926	8/8/2016 23:59:00	0
8/8/2016 16:43:48	122				
8/8/2016 16:43:49	121				
8/8/2016 16:43:50	120				
8/8/2016 16:43:51	121				
8/8/2016 16:43:53	122				
8/8/2016 16:43:56	122				
8/8/2016 16:43:59	122				
8/8/2016 16:44:01	123				
8/8/2016 16:44:02	123				
8/8/2016 16:44:03	122				
8/8/2016 16:44:04	122				
8/8/2016 16:44:06	121				
8/8/2016 16:44:09	121				
8/8/2016 16:44:10	120				
8/8/2016 16:44:13	119				
8/8/2016 16:44:15	120				
8/8/2016 16:44:16	121				
8/8/2016 16:44:19	119				
8/8/2016 16:44:20	118				
8/8/2016 16:44:22	118				
8/8/2016 16:44:23	119				
8/8/2016 16:44:24	120				
8/8/2016 16:44:25	121				
8/8/2016 16:44:27	122				
8/8/2016 16:44:28	123				
8/8/2016 16:44:29	124				
8/8/2016 16:44:30	125				
8/8/2016 16:44:32	126				
8/8/2016 16:44:34	127				
8/8/2016 16:44:36	128				
8/8/2016 16:44:37	129				
8/8/2016 16:44:38	130				
8/8/2016 16:44:41	131				
8/8/2016 16:44:44	131				
8/8/2016 16:44:45	129				
8/8/2016 16:44:46	128				
8/8/2016 16:44:47	127				
8/8/2016 16:44:48	126				
8/8/2016 16:44:49	125				
8/8/2016 16:44:50	124				
8/8/2016 16:44:51	123				
8/8/2016 16:44:53	122				
8/8/2016 16:44:54	121				
8/8/2016 16:44:56	122				
8/8/2016 16:44:57	123				
8/8/2016 16:44:58	124				
8/8/2016 16:44:59	125				
8/8/2016 16:45:02	125				
8/8/2016 16:45:04	126				
8/8/2016 16:45:06	125				
8/8/2016 16:45:07	124				
8/8/2016 16:45:08	123				
8/8/2016 16:45:09	122				
8/8/2016 16:45:10	121				
8/8/2016 16:45:13	121				
8/8/2016 16:45:14	122				
8/8/2016 16:45:15	123				
8/8/2016 16:45:16	125				
8/8/2016 16:45:17	126				
8/8/2016 16:45:20	126				
8/8/2016 16:45:22	125				
8/8/2016 16:45:24	124				
8/8/2016 16:45:27	124				
8/8/2016 16:45:30	123				
8/8/2016 16:45:31	122				
8/8/2016 16:45:32	121				
8/8/2016 16:45:33	120				
8/8/2016 16:45:34	119				
8/8/2016 16:45:35	118				
8/8/2016 16:45:36	117				
8/8/2016 16:45:37	116				
8/8/2016 16:45:40	116				
8/8/2016 16:45:41	116				
8/8/2016 16:45:42	114				
8/8/2016 16:45:45	114				
8/8/2016 16:45:48	114				
8/8/2016 16:45:51	114				
8/8/2016 16:45:53	115				
8/8/2016 16:45:54	116				
8/8/2016 16:45:55	115				
8/8/2016 16:45:57	114				
8/8/2016 16:46:00	114				
8/8/2016 16:46:01	115				
8/8/2016 16:46:03	114				
8/8/2016 16:46:05	115				
8/8/2016 16:46:06	116				
8/8/2016 16:46:09	117				
8/8/2016 16:46:12	117				
8/8/2016 16:46:13	118				
8/8/2016 16:46:15	116				
8/8/2016 16:46:16	115				
8/8/2016 16:46:19	115				
8/8/2016 16:46:20	114				
8/8/2016 16:46:23	115				
8/8/2016 16:46:24	116				
8/8/2016 16:46:27	116				
8/8/2016 16:46:30	116				
8/8/2016 16:46:32	115				
8/8/2016 16:46:33	114				
8/8/2016 16:46:34	113				
8/8/2016 16:46:36	112				
8/8/2016 16:46:37	113				
8/8/2016 16:46:38	114				
8/8/2016 16:46:41	114				
8/8/2016 16:46:44	113				
8/8/2016 16:46:45	112				
8/8/2016 16:46:47	111				
8/8/2016 16:46:48	111				
8/8/2016 16:46:50	110				
8/8/2016 16:46:52	111				
8/8/2016 16:46:55	111				
8/8/2016 16:46:56	112				
8/8/2016 16:46:59	112				
8/8/2016 16:47:02	112				
8/8/2016 16:47:03	111				
8/8/2016 16:47:06	111				
8/8/2016 16:47:07	110				
8/8/2016 16:47:08	109				
8/8/2016 16:47:09	107				
8/8/2016 16:47:10	106				
8/8/2016 16:47:11	105				
8/8/2016 16:47:12	104				
8/8/2016 16:47:14	105				
8/8/2016 16:47:17	105				
8/8/2016 16:47:19	106				
8/8/2016 16:47:22	106				
8/8/2016 16:47:23	106				
8/8/2016 16:47:25	107				
8/8/2016 16:47:26	106				
8/8/2016 16:47:29	106				
8/8/2016 16:47:30	105				
8/8/2016 16:47:32	104				
8/8/2016 16:47:34	103				
8/8/2016 16:47:36	105				
8/8/2016 16:47:37	106				
8/8/2016 16:47:39	108				
8/8/2016 16:47:40	109				
8/8/2016 16:47:42	110				
8/8/2016 16:47:45	110				
8/8/2016 16:47:48	109				
8/8/2016 16:47:49	108				
8/8/2016 16:47:50	107				
8/8/2016 16:47:51	107				
8/8/2016 16:47:52	106				
8/8/2016 16:47:53	105				
8/8/2016 16:47:56	104				
8/8/2016 16:47:59	104				
8/8/2016 16:48:00	103				
8/8/2016 16:48:01	104				
8/8/2016 16:48:04	105				
8/8/2016 16:48:05	106				
8/8/2016 16:48:06	107				
8/8/2016 16:48:08	108				
8/8/2016 16:48:09	109				
8/8/2016 16:48:10	110				
8/8/2016 16:48:12	111				
8/8/2016 16:48:13	112				
8/8/2016 16:48:14	113				
8/8/2016 16:48:15	115				
8/8/2016 16:48:17	116				
8/8/2016 16:48:19	117				
8/8/2016 16:48:22	117				
8/8/2016 16:48:25	117				
8/8/2016 16:48:27	116				
8/8/2016 16:48:28	115				
8/8/2016 16:48:29	114				
8/8/2016 16:48:30	113				
8/8/2016 16:48:31	112				
8/8/2016 16:48:32	111				
8/8/2016 16:48:33	110				
8/8/2016 16:48:35	108				
8/8/2016 16:48:36	107				
8/8/2016 16:48:37	105				
8/8/2016 16:48:38	104				
8/8/2016 16:48:40	103				
8/8/2016 16:48:41	102				
8/8/2016 16:48:44	103				
8/8/2016 16:48:46	104				
8/8/2016 16:48:47	105				
8/8/2016 16:48:49	104				
8/8/2016 16:48:50	103				
8/8/2016 16:48:51	102				
8/8/2016 16:48:53	101				
8/8/2016 16:48:54	102				
8/8/2016 16:48:56	103				
8/8/2016 16:48:59	103				
8/8/2016 16:49:00	102				
8/8/2016 16:49:01	101				
8/8/2016 16:49:02	100				
8/8/2016 16:49:03	99				
8/8/2016 16:49:05	98				
8/8/2016 16:49:08	98				
8/8/2016 16:49:09	99				
8/8/2016 16:49:10	100				
8/8/2016 16:49:12	101				
8/8/2016 16:49:14	102				
8/8/2016 16:49:15	101				
8/8/2016 16:49:18	100				
8/8/2016 16:49:21	101				
8/8/2016 16:49:23	102				
8/8/2016 16:49:25	103				
8/8/2016 16:49:26	104				
8/8/2016 16:49:29	105				
8/8/2016 16:49:30	104				
8/8/2016 16:49:33	106				
8/8/2016 16:49:34	107				
8/8/2016 16:49:36	108				
8/8/2016 16:49:37	108				
8/8/2016 16:49:38	107				
8/8/2016 16:49:39	106				
8/8/2016 16:49:41	105				
8/8/2016 16:49:43	104				
8/8/2016 16:49:44	105				
8/8/2016 16:49:45	106				
8/8/2016 16:49:46	107				
8/8/2016 16:49:47	108				
8/8/2016 16:49:48	109				
8/8/2016 16:49:49	108				
8/8/2016 16:49:50	107				
8/8/2016 16:49:51	106				
8/8/2016 16:49:52	105				
8/8/2016 16:49:54	106				
8/8/2016 16:49:55	107				
8/8/2016 16:49:58	105				
8/8/2016 16:49:59	104				
8/8/2016 16:50:00	103				
8/8/2016 16:50:01	104				
8/8/2016 16:50:02	105				
8/8/2016 16:50:04	106				
8/8/2016 16:50:05	107				
8/8/2016 16:50:06	108				
8/8/2016 16:50:09	108				
8/8/2016 16:50:11	106				
8/8/2016 16:50:12	104				
8/8/2016 16:50:13	104				
8/8/2016 16:50:14	105				
8/8/2016 16:50:17	105				
8/8/2016 16:50:19	104				
8/8/2016 16:50:20	103				
8/8/2016 16:50:21	102				
8/8/2016 16:50:22	101				
8/8/2016 16:50:24	100				
8/8/2016 16:50:26	99				
8/8/2016 16:50:29	98				
8/8/2016 16:50:32	98				
8/8/2016 16:50:33	97				
8/8/2016 16:50:35	98				
8/8/2016 16:50:36	99				
8/8/2016 16:50:39	100				
8/8/2016 16:50:42	100				
8/8/2016 16:50:43	101				
8/8/2016 16:50:44	102				
8/8/2016 16:50:47	102				
8/8/2016 16:50:48	101				
8/8/2016 16:50:49	100				
8/8/2016 16:50:50	101				
8/8/2016 16:50:52	102				
8/8/2016 16:50:53	103				
8/8/2016 16:50:54	104				
8/8/2016 16:50:57	105				
8/8/2016 16:51:00	106				
8/8/2016 16:51:01	107				
8/8/2016 16:51:02	108				
8/8/2016 16:51:03	109				
8/8/2016 16:51:04	110				
8/8/2016 16:51:05	109				
8/8/2016 16:51:06	107				
8/8/2016 16:51:07	106				
8/8/2016 16:51:08	104				
8/8/2016 16:51:09	103				
8/8/2016 16:51:10	102				
8/8/2016 16:51:12	103				
8/8/2016 16:51:14	104				
8/8/2016 16:51:15	105				
8/8/2016 16:51:16	106				
8/8/2016 16:51:19	106				
8/8/2016 16:51:20	107				
8/8/2016 16:51:22	108				
8/8/2016 16:51:25	108				
8/8/2016 16:51:28	108				
8/8/2016 16:51:31	107				
8/8/2016 16:51:32	105				
8/8/2016 16:51:33	104				
8/8/2016 16:51:34	103				
8/8/2016 16:51:36	96				
8/8/2016 16:51:37	96				
8/8/2016 16:51:40	96				
8/8/2016 16:51:43	97				
8/8/2016 16:51:44	97				
8/8/2016 16:51:46	98				
8/8/2016 16:51:52	98				
8/8/2016 16:51:57	100				
8/8/2016 16:52:02	99				
8/8/2016 16:52:07	100				
8/8/2016 16:52:12	100				
8/8/2016 16:52:17	99				
8/8/2016 16:52:22	96				
8/8/2016 16:52:27	90				
8/8/2016 16:52:37	88				
8/8/2016 16:52:47	87				
8/8/2016 16:53:02	86				
8/8/2016 16:53:17	86				
8/8/2016 16:53:27	89				
8/8/2016 16:53:32	90				
8/8/2016 16:53:37	92				
8/8/2016 16:53:42	91				
8/8/2016 16:53:57	94				
8/8/2016 16:54:02	96				
8/8/2016 16:54:07	97				
8/8/2016 16:54:12	96				
8/8/2016 16:54:17	98				
8/8/2016 16:54:22	99				
8/8/2016 16:54:27	97				
8/8/2016 16:54:32	96				
8/8/2016 16:54:37	97				
8/8/2016 16:54:42	101				
8/8/2016 16:54:47	104				
8/8/2016 16:54:52	105				
8/8/2016 16:54:57	103				
8/8/2016 16:55:02	104				
8/8/2016 16:55:12	100				
8/8/2016 16:55:17	99				
8/8/2016 16:55:22	99				
8/8/2016 16:55:32	99				
8/8/2016 16:55:47	99				
