1278.7098301764	0.724238729	6.0
1421.4775676252	0.7715820886	6.8
1924.5950296921	0.7524939474	9.1
1647.4228445718	0.7649106705	7.8
1567.5579427826	0.7627816909	7.4
1712.6099709749	0.7610007503	8.1
1671.0340131179	0.7872109523	8.0
1284.9179974662	0.7423718494	6.1
2082.8665118093	0.7442741703	9.8
1869.4090753256	0.7591338534	8.9
2055.2762571557	0.8624859226	10.0
1920.5995670834	0.8196435549	9.3
2023.576108734	0.8228921714	9.8
1947.8835801326	0.825343648	9.4
2280.6595450845	0.7984807752	10.9
2322.3361051274	0.8168312634	11.2
2255.1214275186	0.8456094542	11.0
2108.7752612382	0.8647388939	10.3
2069.5728303298	0.8672118921	10.1
2193.9581014531	0.8607835027	10.7
1871.8292884816	0.8700912583	9.1
2067.1920145546	0.850764489	10.1
2388.9931956974	0.8649131299	11.6
2507.7144847465	0.86099669	12.2
2484.4686837777	0.8980477575	12.2
2369.292163055	0.9042574368	11.7
2031.0202094874	0.9488906267	10.1
2368.3578173081	0.9428270319	11.8
2360.0037822273	0.9542448273	11.8
2294.7799325991	0.9746220718	11.5
2469.5763413091	0.9386077509	12.3
2433.0400730611	0.9634710699	12.2
2068.0139450583	0.9521947407	10.3
2409.0098131325	0.978006206	12.1
2399.2146789708	1.0031089056	12.1
2307.3162077415	1.0230550248	11.6
2490.1995648075	1.0320073181	12.6
2131.3516922513	1.0467049414	10.8
2286.5544492213	1.0088492369	11.5
2454.6565400258	1.0160754782	12.4
2142.4648085885	1.0538997715	10.8
2303.5049614497	1.0125322706	11.6
2558.4505281743	1.0005758713	12.9
2276.2895092451	1.0028441787	11.5
2427.6714346283	0.9770815185	12.2
2509.4158243625	1.0001761034	12.7
2402.6062695219	1.0193327569	12.1
2183.6256665622	1.0474931293	11.0
2248.9219702902	0.964173658	11.2
2654.0941081368	0.9897741186	13.4
2584.9862239325	1.0163929767	13.0
2717.1092769418	1.0296153879	13.7
2401.8039607278	1.0436193884	12.1
2474.8832740959	1.0577674355	12.5
2386.469859612	1.0605187462	12.0
2068.8347680254	1.049209414	10.4
2137.8983573429	1.0010596235	10.8
2404.4164223498	0.978052088	12.1
2294.3212122489	0.9674303323	11.5
2393.3246482708	0.9772556593	12.0
2472.4292605986	0.9813284152	12.4
2452.1934421813	0.9872563293	12.3
2518.5411383542	1.0239168683	12.7
2157.8425658102	1.0352082988	10.9
2439.9386955928	1.0018881919	12.3
2451.7331154933	1.0088985675	12.4
2415.2603342996	1.0221949699	12.2
2447.6965000668	1.0215583511	12.4
2569.9985996435	1.0473751843	13.0
2200.8918049447	1.0358656331	11.1
2328.7651015546	1.0048627129	11.8
2459.68488708	1.009925186	12.4
2419.5569428161	1.0269523344	12.2
2473.0032914315	1.008591634	12.5
2506.6798746232	1.0134369206	12.7
2183.0301400997	1.00886095	11.0
2321.4905390446	0.9825161401	11.7
2544.5356927139	0.9982377967	12.8
2396.7480343856	1.0164306793	12.1
2399.661167936	1.0288847768	12.1
2475.8150230744	1.0152375005	12.5
2456.4662511368	1.0083341211	12.4
2417.6400476388	1.0183043475	12.2
2453.219332562	1.0016711154	12.4
2151.7681324007	1.0265350145	10.9
2361.6745546035	0.9581284432	11.8
2468.8426257659	0.9824337701	12.4
2621.9703474602	1.010615443	13.2
2294.9405117653	1.0294487131	11.6
2211.7587786695	0.9968535576	11.2
2375.7521645212	0.9993535301	12.0
2449.1692621305	1.000186038	12.4
2657.533694539	1.0057563292	13.4
2610.6483056528	1.0029974496	13.2
2242.1782013804	1.019274136	11.3
2035.4738196117	0.9097013973	10.0
2862.7685771107	0.953168481	14.3
2488.8505863804	0.9951188382	12.6
2333.6146197159	0.9631053878	11.7
2428.1070964051	0.9497936294	12.1
2524.3413157138	0.9398971021	12.6
2522.4207820275	0.9591835057	12.6
2540.5223513885	0.9728544188	12.7
2488.6438428295	0.9779510785	12.5
2536.6160205944	0.9823023938	12.7
2462.0693960634	0.9933482289	12.4
2554.1216887569	0.9827076987	12.8
2222.7947193377	0.9778985552	11.2
2283.8838030844	0.9696886155	11.4
2364.5676915152	0.9429815721	11.8
2402.0487040889	0.9649757742	12.0
2530.6567532503	0.9345785001	12.6
2529.7239245046	0.9457508269	12.6
2605.2176788468	0.9511441843	13.0
2467.2228910562	0.9575779787	12.3
2193.111349763	0.9567870616	11.0
2289.6353321546	0.9067170771	11.3
2793.5717741319	0.9229898943	13.8
2756.7589757946	0.9457917414	13.7
2630.6575086689	0.9779137888	13.2
2527.0635937267	1.004940919	12.8
2630.607605098	0.9957027979	13.3
2207.8586543077	1.017220011	11.1
2174.9332298818	0.953334187	10.8
2815.6751686179	0.9605853255	14.1
2501.4026078811	1.0064859207	12.6
2531.0420925974	1.0179150654	12.8
2525.021990272	1.0027635881	12.7
2522.4659428138	0.9899689243	12.7
2583.0591394483	1.0225248477	13.0
2399.1637781222	1.0164228773	12.1
2105.4342219145	1.0112389772	10.6
2560.3481076526	0.9646708864	12.8
2387.9688537907	0.960012525	11.9
2497.5264866939	0.9656666894	12.5
2388.2567988258	0.933321128	11.8
2701.8727259355	0.9389753236	13.4
2833.3346947759	0.9642699535	14.2
2438.4360037089	0.9889032504	12.3
2276.1127682637	0.9994210502	11.5
2479.3566844895	0.9677258067	12.4
2560.4412454831	0.9482574132	12.8
2547.3174846848	0.9497930859	12.7
2543.1793756843	0.9892153311	12.8
2640.7769511984	0.9825335275	13.3
2284.8803657588	0.9927395019	11.5
2468.9482052604	0.9547834551	12.3
2498.3978252892	0.9517425603	12.5
2769.9829122245	0.9697840357	13.9
2632.2206912467	0.9751636767	13.2
2649.6244830457	0.9665838591	13.3
2386.7173638077	0.988097936	12.0
2196.8546339294	0.963122066	11.0
2685.7958523997	0.952010412	13.4
2629.8734093309	0.962391381	13.1
2820.5734598105	0.9689426777	14.1
2022.1305773814	1.0006153519	10.2
2606.7988904073	0.928194411	12.9
2740.4279167398	0.959527552	13.7
2584.6097838202	0.9628304064	12.9
2498.7922153964	0.9542395117	12.5
2540.3106625838	0.9623301208	12.7
2155.4395749088	0.9510328489	10.7
2588.8829992858	0.9037142789	12.7
2702.4215640175	0.8909948152	13.3
2407.3664593668	0.9284470874	11.9
2717.7886297447	0.9235775658	13.4
2326.9639976165	0.9300632679	11.5
2511.0241495133	0.9065995493	12.4
2691.0922793811	0.9172289433	13.3
2604.6140203728	0.9061131498	12.9
2875.9825672503	0.9386743709	14.3
2220.1850462959	0.9671154891	11.1
2453.6460572505	0.9319762237	12.2
2380.5480808902	0.9209774124	11.8
2592.8983950893	0.9331643992	12.9
2546.6141645024	0.9452834793	12.7
2674.1051661817	0.9418928959	13.3
2664.6699277011	0.9415208818	13.3
2144.8406585961	0.9749134194	10.7
2467.82776197	0.9191112336	12.2
2721.0583473429	0.9197165151	13.5
2751.4572385267	0.9583872376	13.8
2689.2722581809	0.9684958131	13.5
2495.3604088736	0.9646882265	12.5
2686.0163056026	0.9513899635	13.4
2843.2950384072	0.9562069359	14.2
2707.9867881503	0.9735400538	13.6
2541.9473313573	0.9887399649	12.8
2151.2753944789	0.9923674054	10.8
2644.1189330327	0.9505798794	13.2
2693.9634139667	0.9435613701	13.4
2662.1468349891	0.9592442068	13.3
2529.524706045	0.9572554347	12.6
2679.9569458806	0.9645307972	13.4
2231.1265726634	0.9349560184	11.1
2672.9081289274	0.9603953027	13.4
2616.2156007972	0.9436212701	13.0
2355.3626190594	0.9266508907	11.7
2533.4597106098	0.9426550573	12.6
2566.6969223461	0.9427486615	12.8
2263.0945895921	0.9550328618	11.3
2487.0872710069	0.9003714108	12.2
2820.9453557173	0.9329674825	14.0
2640.8242207148	0.9206701662	13.1
2689.8529214524	0.926142165	13.3
2273.299316593	0.9468335909	11.3
2737.5082997811	0.9335170662	13.6
2607.9012816268	0.9386738965	13.0
2487.1010429951	0.9337362689	12.3
2629.0331528757	0.9478662761	13.1
2500.24536461	0.9256333281	12.4
2746.0273894408	0.918725809	13.6
1995.5242607741	0.9633226648	10.0
1560.7773628934	0.9354089476	7.8
1566.8494050685	0.879734685	7.7
1657.0048924864	0.8960297423	8.2
1570.9564568959	0.8863868899	7.7
1827.8998642332	0.8893032253	9.0
1562.4496628583	0.8934188341	7.7
1943.4429135338	0.8819361987	9.5
2222.3755871059	0.9011084339	10.9
1522.0847635987	0.9392492515	7.6
1413.917301684	0.9717486102	7.1
1139.9664815591	0.9517394465	5.7
1375.6872844524	0.9218951426	6.8
1337.0394842638	0.9355247494	6.6
1346.8339679493	0.9322511142	6.7
1410.4360112688	0.9474769605	7.0
1138.2626746156	0.9916990279	5.7
1107.9034728004	1.0075145494	5.6
822.4119440646	1.0394199322	4.2
1251.7285069859	1.0446555354	6.3
1484.1847352399	1.0443227002	7.5
1286.0253074338	1.0788531452	6.5
924.2255927965	1.0381719039	4.7
802.6921798105	1.0141711623	4.1
1889.4203287216	1.0198085177	9.5
1628.2934139065	1.042549225	8.2
1384.7624175112	1.0600482213	7.0
1165.6492783248	1.0518935697	5.9
1635.2597297985	1.0499377089	8.3
1074.9161336171	1.0620620163	5.4
1159.0557710186	1.1006228893	5.8
1135.5624372976	1.015778337	5.7
1530.1851655169	1.0429927705	7.7
1251.8860581267	1.0744682669	6.3
1456.9132201224	1.0548933338	7.4
1281.5606218885	1.1023715176	6.5
1268.9256266668	1.0415542827	6.4
1544.998279464	1.0698099028	7.8
1324.2584968784	1.0689142476	6.7
1298.739241684	1.1131526339	6.6
1381.684569157	1.0599220495	7.0
1318.2856066035	1.0497528235	6.7
1210.1762839091	1.0751559808	6.1
1398.5060026189	1.0237206694	7.1
1087.5711598499	0.9989869982	5.5
1385.4775509158	0.9578598932	6.9
1324.006229767	0.9771605992	6.6
1337.9543075897	1.0214442488	6.8
1106.4789258557	0.9481850584	5.5
1504.2365402035	0.9303387623	7.5
1112.5136015932	0.9516469847	5.5
1458.3952781307	0.9047486137	7.2
1388.0291073742	0.9078838314	6.9
1401.012678978	0.9085434793	6.9
1490.6906941092	0.9054741809	7.4
1333.2459267723	0.9363306109	6.6
1450.3154925217	0.910584054	7.2
998.8014137407	1.057800219	5.0
1276.4277372654	0.9536600191	6.4
1775.6118402806	0.9649689089	8.9
1406.9338483307	0.9975110937	7.1
1174.7666095498	1.0009954108	5.9
1402.8104198273	1.0116018671	7.1
1605.540143486	1.0057794546	8.1
1363.7958675462	1	6.9
1300.5392282366	1.0211320323	6.6
1085.7278253554	0.988676248	5.5
1265.6380776639	0.9783211347	6.4
1478.5882333637	0.955786043	7.4
1567.8299354303	0.927111935	7.8
1526.3254834773	0.9489745029	7.6
1410.0955900079	0.9694893645	7.1
1623.1000515398	0.9832268529	8.2
1302.9198374508	0.9811584051	6.5
1283.2032732975	0.951230674	6.4
1552.5757193221	0.9716059771	7.8
1417.0783001038	0.9658918066	7.1
1494.6126194137	0.9862417364	7.5
1391.1294602082	0.9624573816	7.0
1521.7722170479	0.9863541548	7.7
1435.4600981179	0.9517022736	7.2
1685.9672162709	0.9694280132	8.4
1373.5591382606	1.0460621789	6.9
1460.4366182789	0.964990205	7.3
1445.8501160215	0.9600579554	7.2
1705.6600224528	0.94567355	8.5
1599.5885935792	0.9569648698	8.0
1402.3590342654	0.9363910571	7.0
1766.6170957678	0.9426419921	8.8
1614.3812911851	0.9139191427	8.0
1531.1808004757	0.9043590516	7.5
1231.0879236786	0.9602501622	6.2
683.0130563875	0.7837927003	3.3
1969.3692658875	0.8190832973	9.5
1520.1704190095	0.8447341633	7.4
1696.1373619746	0.8977902419	8.4
2075.2776519437	0.8930769016	10.2
710.005483945	0.9138883411	3.5
1976.9651815816	0.8657854695	9.7
1617.4089136912	0.9309278992	8.0
1755.2293521022	0.9212741998	8.7
1653.7442147002	0.9304805445	8.2
1325.8223085134	0.9386366973	6.6
843.8112331587	0.9456830117	4.2
1012.3477963496	0.9750167299	5.1
463.0837183803	0.7837482725	2.2
802.3853628232	0.818446733	3.9
796.0001952562	0.7739024999	3.8
571.2132646005	0.7755171849	2.7
724.5016944484	0.7358102108	3.4
780.7176056309	0.710237021	3.7
839.3883302734	0.7320213843	4.0
806.4234801496	0.7346941685	3.8
761.8368404725	0.7455239622	3.6
789.4105013393	0.7387382064	3.7
767.2842147127	0.7461546517	3.6
607.807887645	0.77790976	2.9
597.5747719366	0.7406769961	2.8
719.4691665337	0.7280211366	3.4
741.0006278773	0.7417827141	3.5
676.9295262711	0.7618010478	3.2
609.7739766679	0.7919599016	2.9
519.2414433782	0.7782802509	2.5
614.0845286067	0.7855483247	2.9
512.3190694219	0.7758200305	2.4
550.2017552416	0.7783433023	2.6
565.0854924425	0.7862580095	2.7
582.7540927219	0.8104508197	2.8
429.6616831673	0.823749124	2.1
462.5326796529	0.8402333795	2.2
534.5430270957	0.8327368085	2.6
407.3545445644	0.870619304	2.0
414.8777921798	0.8554183321	2.0
415.7827862739	0.8575940663	2.0
400.9513102412	0.8454032956	1.9
378.4462863153	0.8667538743	1.8
366.1559534247	0.8452184092	1.8
414.2197882602	0.8289774483	2.0
412.9468657401	0.827983696	2.0
394.6110360264	0.8407409773	1.9
399.2404900211	0.8196452781	1.9
406.1722436149	0.8400835614	2.0
456.1730848553	0.8922895796	2.2
294.7961943775	0.864395835	1.4
327.1925895487	0.8436583822	1.6
392.8656486869	0.8502396225	1.9
405.2053294923	0.8453997833	2.0
433.1405464018	0.8378058921	2.1
373.7703946417	0.860194859	1.8
413.3152372775	0.8504865751	2.0
339.1477692482	0.8529323973	1.6
336.4245254955	0.8378233054	1.6
434.5724349233	0.858172243	2.1
400.6142415435	0.8582626031	2.0
294.6176977587	0.8484295058	1.4
359.406915172	0.8479850927	1.7
326.4574228209	0.8346871659	1.6
397.9879008358	0.8562496634	1.9
373.9227919009	0.8790645806	1.8
378.7792520018	0.8655169193	1.9
202.7006112012	0.8356816643	1.0
343.0918610941	0.8260333305	1.7
252.534437886	0.8494854009	1.2
385.4371319388	0.839851788	1.9
577.6026102892	0.8188437101	2.8
265.3629130925	0.8185833736	1.3
636.4018725834	0.7863506249	3.0
946.248817584	0.816617698	4.6
1567.9973839566	0.7815375635	7.5
704.4872674574	0.7922581618	3.4
561.2203458301	0.8195430297	2.7
544.8665429389	0.8265102708	2.6
549.4050125737	0.8084569575	2.6
706.3056612957	0.8346773213	3.4
657.7510184263	0.841465602	3.2
830.9262650588	0.89036534	4.1
592.616160797	0.8661930325	2.9
675.1963429561	0.8496210076	3.3
860.8570835449	0.783612298	4.1
959.3898911071	0.7678107934	4.6
881.3860027532	0.8161793077	4.3
594.5637327404	0.801711423	2.9
615.9119791697	0.8212845647	3.0
613.4574295799	0.8221612541	3.0
522.4393790964	0.8433972891	2.5
562.2000641756	0.8503833721	2.7
505.3321862776	0.8598782077	2.5
418.7368096796	0.8826268567	2.1
504.3850980658	0.8720415839	2.5
454.0461776806	0.8666253749	2.2
390.2185080441	0.8671425963	1.9
401.208000957	0.8457395525	2.0
404.7925417892	0.8591671012	2.0
435.2729536738	0.8393565231	2.1
399.9333016963	0.8316736509	1.9
487.5254573869	0.8540591002	2.4
333.729967647	0.8318908605	1.6
436.3225634316	0.833947647	2.1
463.2496576466	0.8365722148	2.2
319.6566705881	0.8267976348	1.5
586.326163149	0.826584928	2.8
373.093890848	0.8092729476	1.8
289.4448395276	0.8087388973	1.4
430.7531186339	0.7907902437	2.1
475.6242148088	0.8006657763	2.3
460.1409203836	0.824915333	2.2
486.2272790319	0.9030472869	2.4
200.5162855045	0.8386106482	1.0
269.0355716562	0.8155012837	1.3
330.5760932273	0.8027145023	1.6
372.1621508636	0.7880482779	1.8
439.3725518843	0.7855060358	2.1
442.8791810446	0.7830503047	2.1
444.6606628211	0.8035447827	2.1
407.6110328716	0.8223101034	2.0
359.8227355441	0.8197951539	1.7
339.8694599814	0.7976811578	1.6
419.5000386204	0.7956974664	2.0
385.2716095696	0.8051054436	1.9
435.025372368	0.8036663419	2.1
382.8833485739	0.844444792	1.9
299.5912709101	0.8109496238	1.4
330.7780201228	0.804184691	1.6
294.3896943239	0.7880870517	1.4
336.1668064724	0.7974774718	1.6
422.9108584479	0.8008724154	2.0
393.7617970761	0.7947206626	1.9
376.8580951869	0.8212691306	1.8
494.3106385056	0.8064694101	2.4
411.1294754509	0.836198525	2.0
309.4047205637	0.8323912137	1.5
358.8554382979	0.8431488805	1.7
401.5076677621	0.8183255069	1.9
286.4790384939	0.8256860738	1.4
306.1513431351	0.7966559719	1.5
358.4621110322	0.8015907099	1.7
446.9819888075	0.7872177984	2.1
345.4131584422	0.7786471132	1.6
442.9805412548	0.7867621265	2.1
403.3604814409	0.7879268024	1.9
506.7505895435	0.8431424993	2.5
461.5873058397	0.8061142776	2.2
331.7044042635	0.8111877395	1.6
583.6249127055	0.7637495345	2.8
739.8181363298	0.7652716502	3.5
388.8649950495	0.7043138418	1.8
781.1128757773	0.7023480067	3.7
958.1193596444	0.7261744607	4.5
853.5367810708	0.7337824235	4.0
877.526455828	0.7249394182	4.1
950.6127157969	0.7453534565	4.5
844.5810174151	0.7396200109	4.0
865.7284050615	0.7773475884	4.1
598.8230330818	0.7619958349	2.8
604.0757235737	0.7754820944	2.9
851.322131449	0.7886381439	4.1
778.7542374272	0.7965204048	3.7
783.1956529827	0.8046915834	3.8
776.8733408871	0.8107164109	3.7
606.9759777329	0.8246151871	2.9
732.5455467023	0.8222052042	3.5
847.0623648179	0.7868544331	4.1
867.8895955545	0.795346388	4.2
732.5655853519	0.8537880093	3.6
369.1197561961	0.791900688	1.8
533.1496533901	0.7648702488	2.5
391.2965529273	0.7371374504	1.8
468.5119664128	0.7229779866	2.2
499.70691424	0.7294843987	2.4
522.5028870836	0.7353223395	2.5
350.5219838143	0.7268507872	1.7
392.6177390149	0.7193332226	1.8
574.9645790249	0.7083551322	2.7
444.3580269735	0.7382645962	2.1
425.5264667522	0.7419798744	2.0
411.2453695385	0.748803356	1.9
387.3833728162	0.7548386833	1.8
391.4619278351	0.7585723574	1.9
341.2369393251	0.7470977897	1.6
432.3277912138	0.750303797	2.0
371.5524472209	0.7649794535	1.8
391.4922711365	0.7573368291	1.9
445.8419025371	0.7729936463	2.1
404.2203908481	0.7815932446	1.9
408.3481283926	0.7919934493	2.0
263.7496007966	0.8017071674	1.3
332.7623398459	0.8018882526	1.6
402.8764690183	0.7933825634	1.9
367.5316269097	0.7938922596	1.8
379.857977627	0.8084432744	1.8
349.7002710855	0.8107869641	1.7
459.6122156255	0.8094328194	2.2
396.2208402872	0.831485103	1.9
851.2207488322	0.7851175527	4.1
999.8857476741	0.8209528986	4.8
1053.7848045367	0.839926019	5.1
843.27163551	0.8320321647	4.1
879.3399856656	0.8127044175	4.2
959.2803573765	0.8228617922	4.6
959.9985703277	0.7870238487	4.6
994.748759643	0.7765954534	4.8
760.8638166791	0.7794439801	3.6
715.0748881268	0.7678710179	3.4
694.1445557885	0.776551753	3.3
804.1789644578	0.7584722106	3.8
932.9027736638	0.736385545	4.4
860.1710223091	0.7629957788	4.1
893.6078030109	0.8163921084	4.3
735.8365852271	0.7901042125	3.5
634.0938735661	0.8028400756	3.0
786.5951979735	0.8005223158	3.8
736.0588197351	0.8163270797	3.6
696.501691582	0.8316171911	3.4
602.5725963727	0.8194033567	2.9
621.3114836457	0.8227352143	3.0
484.3320969799	0.8260075675	2.3
582.0636105576	0.8382799936	2.8
634.1349690082	0.8106257519	3.1
568.8020390934	0.8213998129	2.7
507.9460015125	0.8345611608	2.5
458.8546134437	0.8454601626	2.2
516.3139366232	0.8266395495	2.5
546.6356035488	0.837409403	2.7
540.1669211696	0.8201881718	2.6
523.6446945651	0.8339513496	2.5
514.4793417358	0.8560271936	2.5
454.2792159024	0.8420292569	2.2
468.0998714298	0.8543656754	2.3
487.7637980137	0.8599098469	2.4
481.5856535973	0.859780517	2.3
544.9302434557	0.8785414601	2.7
465.7928987473	0.8923283984	2.3
411.5053797372	0.8879647997	2.0
417.3220719837	0.8937132719	2.0
397.8310108289	0.9050961504	2.0
418.4054982553	0.9392176927	2.1
311.6398886835	0.8712910349	1.5
450.1225802244	0.8295294338	2.2
186.5346022985	0.8673684549	0.9
424.5728914918	0.8356164384	2.1
543.6755039316	0.8486753147	2.6
399.6362540153	0.8418988854	1.9
437.7942185959	0.8453418162	2.1
363.5501503403	0.8618216763	1.8
364.4026258663	0.8724550424	1.8
423.6175544025	0.8352954048	2.1
453.7075674045	0.8371599418	2.2
372.8560307958	0.8668867763	1.8
508.7918864124	0.8447863248	2.5
412.5042658341	0.8625839278	2.0
481.1972205927	0.8516579953	2.3
504.4634882647	0.8785298894	2.5
429.6840579797	0.8769306272	2.1
476.7190552779	0.8906468731	2.3
409.862604015	0.902410138	2.0
382.3833349937	0.8784446246	1.9
401.9443591588	0.8928086568	2.0
391.5567210672	0.8917810669	1.9
443.1387580592	0.8899039863	2.2
487.0759947881	0.9898515986	2.5
118.0095684942	0.9139455101	0.6
175.6394265861	0.8532925674	0.9
294.7547681779	0.8386151502	1.4
409.8439304262	0.8099895179	2.0
449.4184381655	0.8325736122	2.2
456.7025504024	0.8272976274	2.2
671.7777971174	0.8386296947	3.3
692.6664857379	0.8393053846	3.4
871.2070666566	0.7885793629	4.2
589.3865333914	0.7337447653	2.8
839.6665773687	0.8168082708	4.1
842.4544798177	0.8186477479	4.1
739.3953423653	0.8355799831	3.6
763.7312596991	0.8458922346	3.7
774.6740150267	0.8653218709	3.8
764.3323491276	0.8852298748	3.8
789.2428158725	0.8974599281	3.9
757.9144444903	0.9322302445	3.8
725.3879210929	0.9084912167	3.6
610.2399262092	0.9157821639	3.0
719.5855855397	0.8855062906	3.5
777.1430724109	0.8788897703	3.8
677.1945003497	0.8718351357	3.3
692.6194964267	0.8381842836	3.4
753.6033061788	0.8239075922	3.6
945.5709163897	0.8325086391	4.6
749.003555812	0.8040299361	3.6
738.7032774248	0.8654880049	3.6
616.3487896482	0.8361955926	3.0
483.502309144	0.8614708702	2.4
619.215247436	0.8767362066	3.0
518.1824729592	0.8660254265	2.5
438.409008792	0.8789064043	2.1
433.2939834899	0.8936865712	2.1
448.0599756632	0.8933976804	2.2
427.6975732088	0.8968422259	2.1
425.7179956555	0.8953923756	2.1
418.3563620118	0.902985147	2.1
432.4175623698	0.8899110256	2.1
346.2460652016	0.8947219614	1.7
387.5785573762	0.8728325849	1.9
341.2893278829	0.871664475	1.7
382.0797060249	0.8346811778	1.8
386.8499340462	0.8330803197	1.9
443.4309447726	0.8281265727	2.1
451.8547495671	0.8557370789	2.2
393.4162331479	0.8511495776	1.9
363.2100927758	0.8492855416	1.8
358.149197279	0.8320193063	1.7
478.0628729542	0.839631322	2.3
323.0716170986	0.8390169301	1.6
404.3920555506	0.8748043818	2.0
302.648770466	0.8249111938	1.5
314.7986567841	0.8262671428	1.5
413.9284047342	0.8451611576	2.0
375.1927946643	0.8310693748	1.8
402.185837536	0.8096529356	1.9
386.1279770086	0.8399493893	1.9
289.9979692524	0.8304887894	1.4
470.7291069865	0.8873160943	2.3
311.0468228054	0.8349551625	1.5
295.6561491593	0.8221267121	1.4
319.8265254407	0.804842679	1.5
451.4922485226	0.7987744056	2.2
375.2152626821	0.7883980317	1.8
362.5272898064	0.80986631	1.7
379.2536278355	0.8084101986	1.8
291.4605346274	0.7937201081	1.4
410.1163343874	0.7704056871	2.0
278.7087350775	0.7929211996	1.3
425.6466814457	0.7957461944	2.0
506.1611822699	0.7906484859	2.4
373.436461561	0.8043785009	1.8
412.3137089278	0.8093018039	2.0
435.6738367229	0.7995367861	2.1
364.1248907339	0.8091785135	1.8
378.5231606033	0.8256279552	1.8
386.1836744348	0.8289369389	1.9
317.0438886182	0.8207030857	1.5
355.8572387397	0.8127154418	1.7
241.9955495903	0.7807158302	1.2
321.1067796687	0.7577739961	1.5
321.6071786141	0.7550574193	1.5
336.4817259138	0.7150096969	1.6
480.9250339617	0.7511349283	2.3
500.8628094435	0.7620268086	2.4
532.034174144	0.8291485539	2.6
400.6199371054	0.785220001	1.9
212.8138074181	0.8124818049	1.0
241.7064662083	0.793428329	1.2
360.0862776872	0.7818536089	1.7
639.2398453508	0.7703115629	3.0
594.0848003399	0.7259563122	2.8
1071.1129192078	0.7145696681	5.0
457.4577668145	0.6864313449	2.1
1053.1147427285	0.7062951766	4.9
717.113105741	0.7752083619	3.4
929.1579439826	0.7784732859	4.4
608.1187117726	0.7644199016	2.9
687.496076226	0.8112254804	3.3
889.9929544058	0.8025666875	4.3
884.4011992398	0.8397852291	4.3
747.8877587905	0.828600438	3.6
673.9895865174	0.826696468	3.3
854.2172873495	0.7966750467	4.1
841.4766390745	0.814152925	4.1
834.5272791535	0.8131130227	4.0
743.9809963045	0.8417033425	3.6
686.0056568438	0.7715303167	3.3
859.7834819382	0.8074108294	4.1
613.7510239864	0.8645473503	3.0
465.8431201281	0.7599088163	2.2
317.7410245354	0.7567867191	1.5
711.990570227	0.7393328161	3.4
569.2125168834	0.733533116	2.7
602.2019427005	0.7471953608	2.9
693.4796741513	0.747274787	3.3
511.8994216127	0.7240193997	2.4
454.4503316884	0.7185974378	2.1
633.7811658516	0.7107503191	3.0
370.0003068097	0.7258581179	1.7
609.3918535964	0.7295183519	2.9
470.2370441258	0.7311426438	2.2
580.4502456654	0.7427617561	2.7
581.5160732816	0.7346495611	2.7
333.1128961269	0.7429606941	1.6
634.0976619995	0.7362390684	3.0
743.3948045127	0.7506731811	3.5
640.8932046124	0.7696833722	3.1
329.7935138053	0.7954855478	1.6
498.8831293112	0.8039349779	2.4
422.6690279098	0.7932599231	2.0
354.4204319593	0.796392179	1.7
294.8994635328	0.79651304	1.4
369.1636727618	0.7913021563	1.8
483.5356477537	0.7800082057	2.3
381.3768948409	0.7753170907	1.8
383.1170016321	0.7924783902	1.8
406.3454896138	0.7996486375	2.0
391.7806807821	0.7938755196	1.9
394.7499875521	0.8046887239	1.9
443.7096651239	0.8113269752	2.1
462.4578768165	0.8124111191	2.2
428.2738778738	0.8289219339	2.1
399.1771338121	0.8231037255	1.9
384.8819476217	0.8435617771	1.9
346.9574997216	0.8498032295	1.7
272.3320569754	0.8174590244	1.3
1303.7710876683	0.8371743348	6.3
1894.4612707227	0.8383141324	9.2
1853.2688736392	0.8391810465	9.0
1444.6255810305	0.8572881674	7.0
1619.7633081637	0.8416694749	7.9
1635.4556416181	0.8494540225	8.0
1398.6890988444	0.8908729764	6.9
1401.291508998	0.8784323673	6.9
1538.321734168	0.7918680184	7.4
1748.8796336511	0.8342218599	8.5
1646.6060632564	0.8557676062	8.0
1884.0717733211	0.8770739065	9.2
1931.2945233741	0.8560792759	9.4
1783.2175022578	0.8847848387	8.7
1808.2175282104	0.8951172217	8.9
1332.8262790582	0.8863102695	6.5
301.1042589655	0.819503635	1.5
1915.4044670447	0.8209270414	9.2
2075.2394953761	0.8180527487	10.0
2343.131967945	0.8577472023	11.4
1780.3624392435	0.9012478794	8.8
1442.1568504556	0.8273211005	7.0
2101.629284293	0.8261287023	10.2
2134.8691163533	0.8539386978	10.4
2010.8217529341	0.8511797425	9.8
1815.7410816149	0.8858493107	8.9
2312.3409727623	0.8918777791	11.4
1823.7753104847	0.9430203809	9.1
1867.443955183	0.8766428412	9.1
2266.0004684195	0.9002292132	11.2
2046.0673081632	0.9191601466	10.1
2080.4601907252	0.9747881522	10.4
2033.3155196279	0.9578716367	10.2
1678.5113765747	0.9566147787	8.4
2103.634360229	0.9277172405	10.4
2115.1429630536	0.9349847453	10.5
1773.5707243066	0.9518860387	8.8
2406.8062138076	0.9404870002	12.0
2002.294548073	0.9912940837	10.1
2360.1948665295	0.944429057	11.7
2073.8628174739	0.9683729972	10.4
2080.802653308	0.9889042323	10.5
1970.4688047361	0.9969281501	9.9
2213.6846206895	0.9954120646	11.2
2127.1636294222	1.0074260077	10.7
2139.6706271789	1.0000710732	10.8
1944.0596131543	1.0242983417	9.8
1909.9845988935	0.9178907926	9.5
2364.9984751006	0.9317154137	11.7
2364.8689510204	0.9861671213	11.9
2240.9869301618	0.9917400348	11.3
2262.8433429638	1.0095400181	11.4
2081.2862744906	1.0208386992	10.5
2207.893778724	0.9991610772	11.1
2279.6746541699	1.0203262934	11.5
2132.8835234577	1.0266744747	10.8
2048.6521629722	0.9947928983	10.3
2333.2625834194	1.0165588808	11.8
2290.3468422176	1.0009794439	11.6
2418.4969780369	1.0184969934	12.2
2253.7080606342	1.0266363229	11.4
2192.8084027548	1.0313322976	11.1
2408.6676771199	1.0279029112	12.2
2350.6995648235	1.0411671236	11.9
2107.0734069834	1.0403520718	10.6
2290.8758834525	1.0368175435	11.6
1931.6991915707	1.0204838957	9.7
2393.8748618248	1.0374514204	12.1
2142.1147764924	1.0177608728	10.8
2312.8978584699	1.0114995627	11.7
2194.6294152478	1.0291323203	11.1
2229.6145271775	1.0413752901	11.3
2159.6625603562	1.0233678463	10.9
2081.2317171522	1.0418318952	10.5
2136.6549698886	1.0077026312	10.8
2238.3530266303	0.9875715443	11.3
1844.3313656289	1.0137760915	9.3
2543.5119907125	0.9580809462	12.7
2326.6801077183	0.9630910632	11.6
2070.2555816854	1.0282255936	10.4
2158.1703067635	0.987185213	10.9
2165.6194374063	0.9883245479	10.9
2300.272779789	0.9802031578	11.6
2279.7945014298	0.9780354376	11.4
2055.9129115873	0.9952536728	10.4
2290.9577422126	1.0052510067	11.6
2145.2016164649	1.0128207126	10.8
2260.2208944254	1.0157923124	11.4
2166.7736588619	1.0259569247	10.9
2323.2834067676	1.0270564804	11.7
2177.1281128556	1.0213020447	11.0
2169.5657941591	1.0280039874	10.9
1958.819200937	1.004538863	9.9
2221.2108060209	1.0007838383	11.2
2246.694692745	1.0066231361	11.3
1984.6792970108	1.0209618447	10.0
2197.7246640367	0.9990151134	11.1
2236.7726640324	0.9918825119	11.3
1499.2093524521	1.0085205947	7.6
1968.5332540848	0.8584819253	9.6
2782.3353064123	0.8787436592	13.6
2661.2126825045	0.9356783162	13.2
2312.5323683185	0.9504544098	11.5
2207.5581050655	0.9602632631	11.0
2190.0249359305	0.9781338088	11.0
2279.8721517347	0.9645889524	11.4
2282.7213549551	0.9646620338	11.4
2428.734173379	0.9592044325	12.1
2000.4582632532	0.9740907786	10.0
2208.2798660985	0.9531729916	11.0
1885.484599276	0.9669175547	9.4
2623.5734669198	0.9169415077	13.0
2492.7356326882	0.9260311266	12.4
2249.3166791026	0.9527541388	11.2
2351.5023428578	0.9227435573	11.6
2255.1379967354	0.9300089118	11.2
2408.1265533817	0.9082224513	11.9
2384.8522887517	0.9324204439	11.8
2274.7916306693	0.9392821074	11.3
2150.6321846928	0.9191607654	10.6
1190.2402972886	0.8852316423	5.8
1487.5437420413	0.8263433879	7.2
2995.0028957856	0.8050189296	14.4
3221.8960117101	0.8091099436	15.5
2623.5904327675	0.8720285713	12.8
2576.0286919505	0.8830723479	12.6
2065.3975064366	0.9027036149	10.2
2350.0847971739	0.8988466093	11.6
2167.7912737246	0.9129416834	10.7
2688.6225881149	0.9095162365	13.3
2281.7196139403	0.9337385711	11.3
2545.767250651	0.9202664241	12.6
2175.4552485138	0.9229757299	10.8
2303.8842032728	0.9153080459	11.4
2245.8364598233	0.926759154	11.1
2186.7252690233	0.916540483	10.8
2561.6492589408	0.940658368	12.7
2049.4124759982	0.9502449396	10.2
1952.1921226468	0.8668581884	9.5
2449.6393478094	0.8947634117	12.0
2562.9001868809	0.9019449893	12.6
2436.552744419	0.9187719379	12.1
2589.5181347716	0.9225042193	12.8
2537.7869868685	0.9542315775	12.7
2627.6081005514	0.9535126469	13.1
2275.6502691024	0.9804869931	11.4
2421.1149811578	0.9614802285	12.1
2073.9077482149	0.9179431718	10.3
2628.9524100319	0.9385625787	13.1
2395.8133963027	0.9420866346	11.9
2565.2361836757	0.9440599962	12.8
2413.4750321413	0.9478924565	12.0
2538.3370083396	0.9366273612	12.6
2480.1546633352	0.9433794947	12.3
2445.9866710282	0.9477750414	12.2
2290.5630916369	0.9437271661	11.4
2183.7365204714	0.9500977477	10.9
2616.8941070177	0.9414092277	13.0
2482.0678168829	0.9472459168	12.4
2249.2222432796	0.9377484388	11.2
2511.6253765903	0.939124356	12.5
2567.2928544899	0.9453896627	12.8
2485.7263974725	0.9245523485	12.3
2660.2471677717	0.9376255155	13.2
2516.5481696527	0.9451499297	12.5
2477.0406021823	0.9418723851	12.3
2429.8286965232	0.9655334862	12.2
2505.8038456487	0.9445356389	12.5
2107.8571914088	0.9619443438	10.5
2555.742663738	0.9103396847	12.6
2682.6596597475	0.9336882189	13.3
2561.7174845428	0.9408866102	12.7
2437.4530666058	0.947260284	12.2
2641.4327295296	0.9526218603	13.2
2484.6582074613	0.9560148947	12.4
1931.3822577309	0.9742655413	9.7
2618.8346654468	0.9395392034	13.0
2654.7117004889	0.9325909018	13.2
2471.125497957	0.9300725591	12.3
2542.2802094575	0.9459269537	12.7
2596.2563176359	0.9637871723	13.0
2492.9078662677	0.9471453974	12.4
2224.4944888619	0.9616055345	11.1
1859.9908132269	0.9459728399	9.3
2530.8834228951	0.9038607464	12.5
2434.0528244234	0.9217878582	12.0
2553.2939803739	0.9352028459	12.7
2504.9508994381	0.9404051053	12.5
2497.643200749	0.9291501948	12.4
2616.6477084419	0.9407332866	13.0
2531.79318163	0.9543972939	12.6
2407.3506540092	0.9445682584	12.0
2574.8932721006	0.9261825006	12.8
2502.8279236911	0.9212397054	12.4
2109.9101621754	0.9515651216	10.5
2723.5920812	0.932756858	13.5
2656.8081850003	0.9405378401	13.2
2558.3039145815	0.9352288904	12.7
2663.7417213749	0.9432236164	13.2
2428.9527162966	0.9479896521	12.1
2463.9213051859	0.9476534575	12.3
2578.5979682309	0.9578607602	12.9
2410.3796892117	0.9646690372	12.0
2520.7964458814	0.9729883074	12.6
2028.3873414743	1.0005747407	10.2
2469.5247337218	0.9399302593	12.3
2362.1994097825	0.9320398054	11.7
2580.0667334602	0.9201124085	12.8
2487.4945933635	0.9268845246	12.3
2428.7565281507	0.9204271236	12.0
2499.0079950462	0.9240638725	12.4
2732.3947150066	0.9350305987	13.6
2402.4850584919	0.9449388981	11.9
2585.7541588565	0.9340216093	12.8
2427.5534764564	0.9405076135	12.1
2061.2872422562	0.9486798893	10.3
2379.7804168539	0.9166754237	11.8
2483.7119911749	0.9209637965	12.3
2497.7650098598	0.9153434418	12.4
2372.4337185244	0.9160371253	11.7
2788.4163450382	0.9185498368	13.8
1789.3277655172	0.942859764	8.9
1485.2393719364	0.9139783411	7.3
1807.4011312419	0.8705275157	8.8
1368.0466316171	0.9280527767	6.8
1453.8064413132	0.9213395051	7.2
2044.7523456826	0.9281725507	10.1
2180.5772268348	0.9381614831	10.8
1730.4427364975	0.9480702009	8.6
1067.7996483567	0.9479164363	5.3
2201.2260118391	0.939739569	10.9
1850.014496349	0.9513989572	9.2
926.4936339397	0.9577455663	4.6
1907.316184131	0.9234807894	9.4
1492.6991975452	0.9356561684	7.4
1595.1486875295	0.9145212391	7.9
1776.6046986161	0.9140655788	8.8
1552.9127079868	0.9235767567	7.7
1787.4287449608	0.9405276432	8.9
1628.5616576767	0.9719022925	8.2
1778.4655563071	0.950253536	8.9
1649.1508719117	0.973988192	8.3
1467.0705423773	0.991925355	7.4
1751.0596007637	0.9599627735	8.8
1917.9274601943	0.9850328193	9.7
1586.2372548173	1.018825245	8.0
1527.2448282247	1.0589715506	7.7
1540.0525179145	1.0597772055	7.8
1344.8740899802	1.0855145506	6.8
1462.3214242852	1.076603894	7.4
917.0106995572	1.1039858814	4.6
1317.9756721992	0.9373159957	6.6
1670.5205966356	0.9590365091	8.3
1473.1829882874	0.9656511526	7.4
1424.1721268432	1.0436677034	7.2
1298.8637569307	1.0222344117	6.6
1272.0582147792	1.0367200367	6.4
1230.1675850649	0.9807037632	6.2
1511.4321179392	0.9723080156	7.6
1482.5476255325	0.9774592491	7.4
1435.6545212762	0.974001318	7.2
1593.1545943289	0.9752972687	8.0
842.0561479653	0.9929648225	4.2
1845.1842593883	0.880605952	9.0
1575.4463239913	0.9370208008	7.8
1732.9345172179	0.9123254589	8.6
1531.1010755948	0.9436908751	7.6
1536.8160397554	0.9359755838	7.6
1299.8022338902	0.9266697284	6.4
1817.1661673668	0.9173017441	9.0
1556.6024534606	0.9300503517	7.7
1580.0028003743	0.9370003614	7.9
1629.7913512674	0.9617878914	8.1
1313.8206468894	0.9816520846	6.6
1392.8842318969	0.9615443891	7.0
1809.9881365341	0.9454035444	9.0
1610.5090092968	0.9673743729	8.1
1421.636764422	0.981606098	7.1
1123.1463116654	0.9903885534	5.7
1719.6542418407	0.9570338772	8.6
1546.3864877245	0.965839547	7.7
1373.5656620355	0.9669462639	6.9
1052.9504594765	0.9593076277	5.3
1481.8175893068	0.8791265861	7.3
1779.8361925983	0.8958287622	8.8
1448.2476942416	0.940669164	7.2
1437.270969643	0.9465048903	7.2
1497.0812797971	0.9561147387	7.5
1417.3373099242	0.9767532326	7.1
1485.8377976531	0.9665845696	7.4
1463.7258756102	0.9810413515	7.4
1265.6814490438	0.9687584763	6.3
1094.1674653834	0.9558522783	5.5
1450.986386656	0.9346888854	7.2
1329.2931795397	0.9569273245	6.6
1575.7600437588	0.9465483268	7.9
1387.3038939896	0.9453915166	6.9
1359.4085472023	0.9209596958	6.7
1544.9287896374	0.9294025323	7.7
1464.7700473621	0.9337010077	7.3
1261.1140108509	0.9381275526	6.3
1148.4892832579	0.9832380882	5.8
1483.5203285	0.9285468079	7.4
1355.4782410884	0.9361353212	6.7
1577.6620924665	0.9478854763	7.9
1255.4528760093	1.0073986335	6.3
669.7878010295	0.9318564604	3.3
1718.2721683084	0.8394364538	8.3
1733.9989649827	0.8473092179	8.4
1510.0798679561	0.8738004022	7.4
1459.4790092698	0.9050552975	7.2
1213.6222851179	0.9218274611	6.0
1224.0936830225	0.8955865299	6.0
1568.2813525288	0.9046178584	7.7
1222.5178341534	0.9306215964	6.1
1148.448339529	0.865141946	5.6
1616.8906554078	0.8664445342	7.9
1412.6560020262	0.8936304808	6.9
1178.5061481749	0.9103899127	5.8
1351.9456260182	0.8755142591	6.6
1230.1417799502	0.8517077509	6.0
1392.3330524917	0.8491337191	6.8
907.7995247412	0.886752087	4.5
1929.2921096429	0.8428314064	9.4
1161.6573483324	0.8756968015	5.7
1329.0518559147	0.8756624003	6.5
1431.7879270758	0.8503770103	7.0
1373.4934679628	0.8818268999	6.7
1155.7527737144	0.8688245995	5.6
1192.6318882628	0.8653179715	5.8
1289.9478299042	0.8755864342	6.3
1360.6971772903	0.8709271544	6.6
1330.9244979456	0.8861648299	6.5
